Timestamp,Load Cell 1
2024-09-27 15:08:54,-0.14
2024-09-27 15:08:54,-0.14
2024-09-27 15:08:54,-0.14
2024-09-27 15:08:54,-0.14
2024-09-27 15:08:54,-0.14
2024-09-27 15:08:54,-0.14
2024-09-27 15:08:54,-0.14
2024-09-27 15:08:54,-0.14
2024-09-27 15:08:54,-0.14
2024-09-27 15:08:54,-0.16
2024-09-27 15:08:54,-0.16
2024-09-27 15:08:54,-0.16
2024-09-27 15:08:54,-0.16
2024-09-27 15:08:54,-0.16
2024-09-27 15:08:54,-0.16
2024-09-27 15:08:54,-0.16
2024-09-27 15:08:54,-0.16
2024-09-27 15:08:54,-0.16
2024-09-27 15:08:54,-0.2
2024-09-27 15:08:54,-0.2
2024-09-27 15:08:54,-0.2
2024-09-27 15:08:54,-0.2
2024-09-27 15:08:54,-0.2
2024-09-27 15:08:54,-0.2
2024-09-27 15:08:54,-0.2
2024-09-27 15:08:54,-0.2
2024-09-27 15:08:54,-0.2
2024-09-27 15:08:54,-0.2
2024-09-27 15:08:54,-0.24
2024-09-27 15:08:54,-0.24
2024-09-27 15:08:54,-0.24
2024-09-27 15:08:54,-0.24
2024-09-27 15:08:54,-0.24
2024-09-27 15:08:54,-0.24
2024-09-27 15:08:54,-0.24
2024-09-27 15:08:54,-0.24
2024-09-27 15:08:54,-0.24
2024-09-27 15:08:54,-0.24
2024-09-27 15:08:54,-0.24
2024-09-27 15:08:54,-0.24
2024-09-27 15:08:54,-0.24
2024-09-27 15:08:54,-0.24
2024-09-27 15:08:54,-0.24
2024-09-27 15:08:54,-0.24
2024-09-27 15:08:54,-0.24
2024-09-27 15:08:54,-0.24
2024-09-27 15:08:54,-0.25
2024-09-27 15:08:54,-0.25
2024-09-27 15:08:54,-0.25
2024-09-27 15:08:54,-0.25
2024-09-27 15:08:54,-0.25
2024-09-27 15:08:54,-0.25
2024-09-27 15:08:54,-0.25
2024-09-27 15:08:54,-0.25
2024-09-27 15:08:54,-0.25
2024-09-27 15:08:54,-0.27
2024-09-27 15:08:54,-0.27
2024-09-27 15:08:54,-0.27
2024-09-27 15:08:54,-0.27
2024-09-27 15:08:54,-0.27
2024-09-27 15:08:54,-0.27
2024-09-27 15:08:54,-0.27
2024-09-27 15:08:54,-0.27
2024-09-27 15:08:54,-0.27
2024-09-27 15:08:54,-0.3
2024-09-27 15:08:54,-0.3
2024-09-27 15:08:54,-0.3
2024-09-27 15:08:54,-0.3
2024-09-27 15:08:54,-0.3
2024-09-27 15:08:54,-0.3
2024-09-27 15:08:54,-0.3
2024-09-27 15:08:54,-0.3
2024-09-27 15:08:54,-0.3
2024-09-27 15:08:55,-0.3
2024-09-27 15:08:55,-0.33
2024-09-27 15:08:55,-0.33
2024-09-27 15:08:55,-0.33
2024-09-27 15:08:55,-0.33
2024-09-27 15:08:55,-0.33
2024-09-27 15:08:55,-0.33
2024-09-27 15:08:55,-0.33
2024-09-27 15:08:55,-0.33
2024-09-27 15:08:55,-0.33
2024-09-27 15:08:55,-0.36
2024-09-27 15:08:55,-0.36
2024-09-27 15:08:55,-0.36
2024-09-27 15:08:55,-0.36
2024-09-27 15:08:55,-0.36
2024-09-27 15:08:55,-0.36
2024-09-27 15:08:55,-0.36
2024-09-27 15:08:55,-0.36
2024-09-27 15:08:55,-0.36
2024-09-27 15:08:55,-0.36
2024-09-27 15:08:55,-0.36
2024-09-27 15:08:55,-0.36
2024-09-27 15:08:55,-0.36
2024-09-27 15:08:55,-0.36
2024-09-27 15:08:55,-0.36
2024-09-27 15:08:55,-0.36
2024-09-27 15:08:55,-0.36
2024-09-27 15:08:55,-0.36
2024-09-27 15:08:55,-0.36
2024-09-27 15:08:55,-0.34
2024-09-27 15:08:55,-0.34
2024-09-27 15:08:55,-0.34
2024-09-27 15:08:55,-0.34
2024-09-27 15:08:55,-0.34
2024-09-27 15:08:55,-0.34
2024-09-27 15:08:55,-0.34
2024-09-27 15:08:55,-0.34
2024-09-27 15:08:55,-0.34
2024-09-27 15:08:55,-0.28
2024-09-27 15:08:55,-0.28
2024-09-27 15:08:55,-0.28
2024-09-27 15:08:55,-0.28
2024-09-27 15:08:55,-0.28
2024-09-27 15:08:55,-0.28
2024-09-27 15:08:55,-0.28
2024-09-27 15:08:55,-0.28
2024-09-27 15:08:55,-0.28
2024-09-27 15:08:55,-0.28
2024-09-27 15:08:55,-0.28
2024-09-27 15:08:55,-0.28
2024-09-27 15:08:55,-0.28
2024-09-27 15:08:55,-0.28
2024-09-27 15:08:55,-0.28
2024-09-27 15:08:55,-0.28
2024-09-27 15:08:55,-0.28
2024-09-27 15:08:55,-0.28
2024-09-27 15:08:55,-0.28
2024-09-27 15:08:55,0
2024-09-27 15:08:55,0
2024-09-27 15:08:55,0
2024-09-27 15:08:55,0
2024-09-27 15:08:55,0
2024-09-27 15:08:55,0
2024-09-27 15:08:55,0
2024-09-27 15:08:55,0
2024-09-27 15:08:55,0
2024-09-27 15:08:55,0
2024-09-27 15:08:55,0
2024-09-27 15:08:55,0
2024-09-27 15:08:55,0
2024-09-27 15:08:55,0
2024-09-27 15:08:55,0
2024-09-27 15:08:55,0
2024-09-27 15:08:55,0
2024-09-27 15:08:55,0
2024-09-27 15:08:55,-0.04
2024-09-27 15:08:55,-0.04
2024-09-27 15:08:55,-0.04
2024-09-27 15:08:55,-0.04
2024-09-27 15:08:55,-0.04
2024-09-27 15:08:55,-0.04
2024-09-27 15:08:55,-0.04
2024-09-27 15:08:55,-0.04
2024-09-27 15:08:55,-0.04
2024-09-27 15:08:55,0
2024-09-27 15:08:55,0
2024-09-27 15:08:55,0
2024-09-27 15:08:55,0
2024-09-27 15:08:55,0
2024-09-27 15:08:55,0
2024-09-27 15:08:55,0
2024-09-27 15:08:55,0
2024-09-27 15:08:55,0
2024-09-27 15:08:55,0
2024-09-27 15:08:55,0
2024-09-27 15:08:55,0
2024-09-27 15:08:55,0
2024-09-27 15:08:55,0
2024-09-27 15:08:55,0
2024-09-27 15:08:55,0
2024-09-27 15:08:56,0
2024-09-27 15:08:56,0
2024-09-27 15:08:56,0
2024-09-27 15:08:56,0.01
2024-09-27 15:08:56,0.01
2024-09-27 15:08:56,0.01
2024-09-27 15:08:56,0.01
2024-09-27 15:08:56,0.01
2024-09-27 15:08:56,0.01
2024-09-27 15:08:56,0.01
2024-09-27 15:08:56,0.01
2024-09-27 15:08:56,0.01
2024-09-27 15:08:56,0.04
2024-09-27 15:08:56,0.04
2024-09-27 15:08:56,0.04
2024-09-27 15:08:56,0.04
2024-09-27 15:08:56,0.04
2024-09-27 15:08:56,0.04
2024-09-27 15:08:56,0.04
2024-09-27 15:08:56,0.04
2024-09-27 15:08:56,0.04
2024-09-27 15:08:56,0.05
2024-09-27 15:08:56,0.05
2024-09-27 15:08:56,0.05
2024-09-27 15:08:56,0.05
2024-09-27 15:08:56,0.05
2024-09-27 15:08:56,0.05
2024-09-27 15:08:56,0.05
2024-09-27 15:08:56,0.05
2024-09-27 15:08:56,0.05
2024-09-27 15:08:56,0.05
2024-09-27 15:08:56,0.09
2024-09-27 15:08:56,0.09
2024-09-27 15:08:56,0.09
2024-09-27 15:08:56,0.09
2024-09-27 15:08:56,0.09
2024-09-27 15:08:56,0.09
2024-09-27 15:08:56,0.09
2024-09-27 15:08:56,0.09
2024-09-27 15:08:56,0.09
2024-09-27 15:08:56,0.1
2024-09-27 15:08:56,0.1
2024-09-27 15:08:56,0.1
2024-09-27 15:08:56,0.1
2024-09-27 15:08:56,0.1
2024-09-27 15:08:56,0.1
2024-09-27 15:08:56,0.1
2024-09-27 15:08:56,0.1
2024-09-27 15:08:56,0.1
2024-09-27 15:08:56,0.09
2024-09-27 15:08:56,0.09
2024-09-27 15:08:56,0.09
2024-09-27 15:08:56,0.09
2024-09-27 15:08:56,0.09
2024-09-27 15:08:56,0.09
2024-09-27 15:08:56,0.09
2024-09-27 15:08:56,0.09
2024-09-27 15:08:56,0.09
2024-09-27 15:08:56,0.09
2024-09-27 15:08:56,0.11
2024-09-27 15:08:56,0.11
2024-09-27 15:08:56,0.11
2024-09-27 15:08:56,0.11
2024-09-27 15:08:56,0.11
2024-09-27 15:08:56,0.11
2024-09-27 15:08:56,0.11
2024-09-27 15:08:56,0.11
2024-09-27 15:08:56,0.11
2024-09-27 15:08:56,0.11
2024-09-27 15:08:56,0.11
2024-09-27 15:08:56,0.11
2024-09-27 15:08:56,0.11
2024-09-27 15:08:56,0.11
2024-09-27 15:08:56,0.11
2024-09-27 15:08:56,0.11
2024-09-27 15:08:56,0.11
2024-09-27 15:08:56,-0.01
2024-09-27 15:08:56,-0.01
2024-09-27 15:08:56,-0.01
2024-09-27 15:08:56,-0.01
2024-09-27 15:08:56,-0.01
2024-09-27 15:08:56,-0.01
2024-09-27 15:08:56,-0.01
2024-09-27 15:08:56,-0.01
2024-09-27 15:08:56,-0.01
2024-09-27 15:08:56,-0.01
2024-09-27 15:08:56,-0.02
2024-09-27 15:08:56,-0.02
2024-09-27 15:08:56,-0.02
2024-09-27 15:08:56,-0.02
2024-09-27 15:08:56,-0.02
2024-09-27 15:08:56,-0.02
2024-09-27 15:08:56,-0.02
2024-09-27 15:08:56,-0.02
2024-09-27 15:08:56,-0.02
2024-09-27 15:08:56,-0.02
2024-09-27 15:08:56,-0.04
2024-09-27 15:08:56,-0.04
2024-09-27 15:08:56,-0.04
2024-09-27 15:08:56,-0.04
2024-09-27 15:08:57,-0.04
2024-09-27 15:08:57,-0.04
2024-09-27 15:08:57,-0.04
2024-09-27 15:08:57,-0.04
2024-09-27 15:08:57,-0.04
2024-09-27 15:08:57,-0.05
2024-09-27 15:08:57,-0.05
2024-09-27 15:08:57,-0.05
2024-09-27 15:08:57,-0.05
2024-09-27 15:08:57,-0.05
2024-09-27 15:08:57,-0.05
2024-09-27 15:08:57,-0.05
2024-09-27 15:08:57,-0.05
2024-09-27 15:08:57,-0.05
2024-09-27 15:08:57,-0.04
2024-09-27 15:08:57,-0.04
2024-09-27 15:08:57,-0.04
2024-09-27 15:08:57,-0.04
2024-09-27 15:08:57,-0.04
2024-09-27 15:08:57,-0.04
2024-09-27 15:08:57,-0.04
2024-09-27 15:08:57,-0.04
2024-09-27 15:08:57,-0.04
2024-09-27 15:08:57,-0.03
2024-09-27 15:08:57,-0.03
2024-09-27 15:08:57,-0.03
2024-09-27 15:08:57,-0.03
2024-09-27 15:08:57,-0.03
2024-09-27 15:08:57,-0.03
2024-09-27 15:08:57,-0.03
2024-09-27 15:08:57,-0.04
2024-09-27 15:08:57,-0.04
2024-09-27 15:08:57,-0.04
2024-09-27 15:08:57,-0.04
2024-09-27 15:08:57,-0.04
2024-09-27 15:08:57,-0.04
2024-09-27 15:08:57,-0.04
2024-09-27 15:08:57,-0.04
2024-09-27 15:08:57,-0.04
2024-09-27 15:08:57,-0.04
2024-09-27 15:08:57,-0.06
2024-09-27 15:08:57,-0.06
2024-09-27 15:08:57,-0.06
2024-09-27 15:08:57,-0.06
2024-09-27 15:08:57,-0.06
2024-09-27 15:08:57,-0.06
2024-09-27 15:08:57,-0.06
2024-09-27 15:08:57,-0.06
2024-09-27 15:08:57,-0.06
2024-09-27 15:08:57,-0.08
2024-09-27 15:08:57,-0.08
2024-09-27 15:08:57,-0.08
2024-09-27 15:08:57,-0.08
2024-09-27 15:08:57,-0.08
2024-09-27 15:08:57,-0.08
2024-09-27 15:08:57,-0.08
2024-09-27 15:08:57,-0.08
2024-09-27 15:08:57,-0.08
2024-09-27 15:08:57,-0.1
2024-09-27 15:08:57,-0.1
2024-09-27 15:08:57,-0.1
2024-09-27 15:08:57,-0.1
2024-09-27 15:08:57,-0.1
2024-09-27 15:08:57,-0.1
2024-09-27 15:08:57,-0.1
2024-09-27 15:08:57,-0.1
2024-09-27 15:08:57,-0.1
2024-09-27 15:08:57,-0.1
2024-09-27 15:08:57,-0.12
2024-09-27 15:08:57,-0.12
2024-09-27 15:08:57,-0.12
2024-09-27 15:08:57,-0.12
2024-09-27 15:08:57,-0.12
2024-09-27 15:08:57,-0.12
2024-09-27 15:08:57,-0.12
2024-09-27 15:08:57,-0.12
2024-09-27 15:08:57,-0.12
2024-09-27 15:08:57,-0.13
2024-09-27 15:08:57,-0.13
2024-09-27 15:08:57,-0.13
2024-09-27 15:08:57,-0.13
2024-09-27 15:08:57,-0.13
2024-09-27 15:08:57,-0.13
2024-09-27 15:08:57,-0.13
2024-09-27 15:08:57,-0.13
2024-09-27 15:08:57,-0.13
2024-09-27 15:08:57,-0.15
2024-09-27 15:08:57,-0.15
2024-09-27 15:08:57,-0.15
2024-09-27 15:08:57,-0.15
2024-09-27 15:08:57,-0.15
2024-09-27 15:08:57,-0.15
2024-09-27 15:08:57,-0.15
2024-09-27 15:08:57,-0.15
2024-09-27 15:08:57,-0.15
2024-09-27 15:08:57,-0.15
2024-09-27 15:08:57,-0.16
2024-09-27 15:08:57,-0.16
2024-09-27 15:08:58,-0.16
2024-09-27 15:08:58,-0.16
2024-09-27 15:08:58,-0.16
2024-09-27 15:08:58,-0.16
2024-09-27 15:08:58,-0.16
2024-09-27 15:08:58,-0.16
2024-09-27 15:08:58,-0.16
2024-09-27 15:08:58,-0.14
2024-09-27 15:08:58,-0.14
2024-09-27 15:08:58,-0.14
2024-09-27 15:08:58,-0.14
2024-09-27 15:08:58,-0.14
2024-09-27 15:08:58,-0.14
2024-09-27 15:08:58,-0.14
2024-09-27 15:08:58,-0.14
2024-09-27 15:08:58,-0.14
2024-09-27 15:08:58,-0.12
2024-09-27 15:08:58,-0.12
2024-09-27 15:08:58,-0.12
2024-09-27 15:08:58,-0.12
2024-09-27 15:08:58,-0.12
2024-09-27 15:08:58,-0.12
2024-09-27 15:08:58,-0.12
2024-09-27 15:08:58,-0.12
2024-09-27 15:08:58,-0.12
2024-09-27 15:08:58,-0.1
2024-09-27 15:08:58,-0.1
2024-09-27 15:08:58,-0.1
2024-09-27 15:08:58,-0.1
2024-09-27 15:08:58,-0.1
2024-09-27 15:08:58,-0.1
2024-09-27 15:08:58,-0.1
2024-09-27 15:08:58,-0.1
2024-09-27 15:08:58,-0.1
2024-09-27 15:08:58,-0.1
2024-09-27 15:08:58,-0.04
2024-09-27 15:08:58,-0.04
2024-09-27 15:08:58,-0.04
2024-09-27 15:08:58,-0.04
2024-09-27 15:08:58,-0.04
2024-09-27 15:08:58,-0.04
2024-09-27 15:08:58,-0.04
2024-09-27 15:08:58,-0.02
2024-09-27 15:08:58,-0.02
2024-09-27 15:08:58,-0.02
2024-09-27 15:08:58,-0.02
2024-09-27 15:08:58,-0.02
2024-09-27 15:08:58,-0.02
2024-09-27 15:08:58,-0.02
2024-09-27 15:08:58,-0.02
2024-09-27 15:08:58,-0.02
2024-09-27 15:08:58,-0.04
2024-09-27 15:08:58,-0.04
2024-09-27 15:08:58,-0.04
2024-09-27 15:08:58,-0.04
2024-09-27 15:08:58,-0.04
2024-09-27 15:08:58,-0.04
2024-09-27 15:08:58,-0.04
2024-09-27 15:08:58,-0.04
2024-09-27 15:08:58,-0.04
2024-09-27 15:08:58,-0.04
2024-09-27 15:08:58,-0.07
2024-09-27 15:08:58,-0.07
2024-09-27 15:08:58,-0.07
2024-09-27 15:08:58,-0.07
2024-09-27 15:08:58,-0.07
2024-09-27 15:08:58,-0.07
2024-09-27 15:08:58,-0.07
2024-09-27 15:08:58,-0.07
2024-09-27 15:08:58,-0.07
2024-09-27 15:08:58,-0.09
2024-09-27 15:08:58,-0.09
2024-09-27 15:08:58,-0.09
2024-09-27 15:08:58,-0.09
2024-09-27 15:08:58,-0.09
2024-09-27 15:08:58,-0.09
2024-09-27 15:08:58,-0.09
2024-09-27 15:08:58,-0.09
2024-09-27 15:08:58,-0.09
2024-09-27 15:08:58,-0.15
2024-09-27 15:08:58,-0.15
2024-09-27 15:08:58,-0.15
2024-09-27 15:08:58,-0.15
2024-09-27 15:08:58,-0.15
2024-09-27 15:08:58,-0.15
2024-09-27 15:08:58,-0.15
2024-09-27 15:08:58,-0.15
2024-09-27 15:08:58,-0.15
2024-09-27 15:08:58,-0.14
2024-09-27 15:08:58,-0.14
2024-09-27 15:08:58,-0.14
2024-09-27 15:08:58,-0.14
2024-09-27 15:08:58,-0.14
2024-09-27 15:08:58,-0.14
2024-09-27 15:08:59,-0.13
2024-09-27 15:08:59,-0.13
2024-09-27 15:08:59,-0.13
2024-09-27 15:08:59,-0.13
2024-09-27 15:08:59,-0.13
2024-09-27 15:08:59,-0.13
2024-09-27 15:08:59,-0.13
2024-09-27 15:08:59,-0.13
2024-09-27 15:08:59,-0.15
2024-09-27 15:08:59,-0.15
2024-09-27 15:08:59,-0.15
2024-09-27 15:08:59,-0.15
2024-09-27 15:08:59,-0.15
2024-09-27 15:08:59,-0.15
2024-09-27 15:08:59,-0.15
2024-09-27 15:08:59,-0.15
2024-09-27 15:08:59,-0.15
2024-09-27 15:08:59,-0.15
2024-09-27 15:08:59,-0.12
2024-09-27 15:08:59,-0.12
2024-09-27 15:08:59,-0.12
2024-09-27 15:08:59,-0.12
2024-09-27 15:08:59,-0.12
2024-09-27 15:08:59,-0.12
2024-09-27 15:08:59,-0.12
2024-09-27 15:08:59,-0.12
2024-09-27 15:08:59,-0.12
2024-09-27 15:08:59,-0.15
2024-09-27 15:08:59,-0.15
2024-09-27 15:08:59,-0.15
2024-09-27 15:08:59,-0.15
2024-09-27 15:08:59,-0.15
2024-09-27 15:08:59,-0.15
2024-09-27 15:08:59,-0.15
2024-09-27 15:08:59,-0.15
2024-09-27 15:08:59,-0.15
2024-09-27 15:08:59,-0.15
2024-09-27 15:08:59,-0.16
2024-09-27 15:08:59,-0.16
2024-09-27 15:08:59,-0.16
2024-09-27 15:08:59,-0.16
2024-09-27 15:08:59,-0.16
2024-09-27 15:08:59,-0.16
2024-09-27 15:08:59,-0.16
2024-09-27 15:08:59,-0.16
2024-09-27 15:08:59,-0.16
2024-09-27 15:08:59,-0.15
2024-09-27 15:08:59,-0.15
2024-09-27 15:08:59,-0.15
2024-09-27 15:08:59,-0.15
2024-09-27 15:08:59,-0.15
2024-09-27 15:08:59,-0.15
2024-09-27 15:08:59,-0.15
2024-09-27 15:08:59,-0.15
2024-09-27 15:08:59,-0.15
2024-09-27 15:08:59,-0.15
2024-09-27 15:08:59,-0.15
2024-09-27 15:08:59,-0.15
2024-09-27 15:08:59,-0.15
2024-09-27 15:08:59,-0.15
2024-09-27 15:08:59,-0.15
2024-09-27 15:08:59,-0.15
2024-09-27 15:08:59,-0.15
2024-09-27 15:08:59,-0.15
2024-09-27 15:08:59,-0.15
2024-09-27 15:08:59,-0.14
2024-09-27 15:08:59,-0.14
2024-09-27 15:08:59,-0.14
2024-09-27 15:08:59,-0.14
2024-09-27 15:08:59,-0.14
2024-09-27 15:08:59,-0.14
2024-09-27 15:08:59,-0.14
2024-09-27 15:08:59,-0.14
2024-09-27 15:08:59,-0.14
2024-09-27 15:08:59,-0.12
2024-09-27 15:08:59,-0.12
2024-09-27 15:08:59,-0.12
2024-09-27 15:08:59,-0.12
2024-09-27 15:08:59,-0.12
2024-09-27 15:08:59,-0.12
2024-09-27 15:08:59,-0.12
2024-09-27 15:08:59,-0.12
2024-09-27 15:08:59,-0.12
2024-09-27 15:08:59,-0.11
2024-09-27 15:08:59,-0.11
2024-09-27 15:08:59,-0.11
2024-09-27 15:08:59,-0.11
2024-09-27 15:08:59,-0.11
2024-09-27 15:08:59,-0.11
2024-09-27 15:08:59,-0.11
2024-09-27 15:08:59,-0.11
2024-09-27 15:08:59,-0.11
2024-09-27 15:08:59,-0.12
2024-09-27 15:08:59,-0.12
2024-09-27 15:08:59,-0.12
2024-09-27 15:08:59,-0.12
2024-09-27 15:08:59,-0.12
2024-09-27 15:08:59,-0.12
2024-09-27 15:08:59,-0.12
2024-09-27 15:08:59,-0.12
2024-09-27 15:09:00,-0.12
2024-09-27 15:09:00,-0.12
2024-09-27 15:09:00,-0.11
2024-09-27 15:09:00,-0.11
2024-09-27 15:09:00,-0.11
2024-09-27 15:09:00,-0.11
2024-09-27 15:09:00,-0.11
2024-09-27 15:09:00,-0.11
2024-09-27 15:09:00,-0.11
2024-09-27 15:09:00,-0.11
2024-09-27 15:09:00,-0.11
2024-09-27 15:09:00,-0.08
2024-09-27 15:09:00,-0.08
2024-09-27 15:09:00,-0.08
2024-09-27 15:09:00,-0.08
2024-09-27 15:09:00,-0.08
2024-09-27 15:09:00,-0.08
2024-09-27 15:09:00,-0.08
2024-09-27 15:09:00,-0.08
2024-09-27 15:09:00,-0.08
2024-09-27 15:09:00,-0.05
2024-09-27 15:09:00,-0.05
2024-09-27 15:09:00,-0.05
2024-09-27 15:09:00,-0.05
2024-09-27 15:09:00,-0.05
2024-09-27 15:09:00,-0.05
2024-09-27 15:09:00,-0.05
2024-09-27 15:09:00,-0.05
2024-09-27 15:09:00,-0.05
2024-09-27 15:09:00,-0.05
2024-09-27 15:09:00,-0.03
2024-09-27 15:09:00,-0.03
2024-09-27 15:09:00,-0.03
2024-09-27 15:09:00,-0.03
2024-09-27 15:09:00,-0.03
2024-09-27 15:09:00,-0.03
2024-09-27 15:09:00,-0.03
2024-09-27 15:09:00,-0.03
2024-09-27 15:09:00,-0.03
2024-09-27 15:09:00,0.01
2024-09-27 15:09:00,0.01
2024-09-27 15:09:00,0.01
2024-09-27 15:09:00,0.01
2024-09-27 15:09:00,0.01
2024-09-27 15:09:00,0.01
2024-09-27 15:09:00,0.01
2024-09-27 15:09:00,0.01
2024-09-27 15:09:00,0.01
2024-09-27 15:09:00,-0.02
2024-09-27 15:09:00,-0.02
2024-09-27 15:09:00,-0.02
2024-09-27 15:09:00,-0.02
2024-09-27 15:09:00,-0.02
2024-09-27 15:09:00,-0.02
2024-09-27 15:09:00,-0.02
2024-09-27 15:09:00,-0.02
2024-09-27 15:09:00,-0.02
2024-09-27 15:09:00,-0.03
2024-09-27 15:09:00,-0.03
2024-09-27 15:09:00,-0.03
2024-09-27 15:09:00,-0.03
2024-09-27 15:09:00,-0.03
2024-09-27 15:09:00,-0.03
2024-09-27 15:09:00,-0.03
2024-09-27 15:09:00,-0.03
2024-09-27 15:09:00,-0.03
2024-09-27 15:09:00,-0.06
2024-09-27 15:09:00,-0.06
2024-09-27 15:09:00,-0.06
2024-09-27 15:09:00,-0.06
2024-09-27 15:09:00,-0.06
2024-09-27 15:09:00,-0.06
2024-09-27 15:09:00,-0.06
2024-09-27 15:09:00,-0.06
2024-09-27 15:09:00,-0.06
2024-09-27 15:09:00,-0.06
2024-09-27 15:09:00,-0.09
2024-09-27 15:09:00,-0.09
2024-09-27 15:09:00,-0.09
2024-09-27 15:09:00,-0.09
2024-09-27 15:09:00,-0.09
2024-09-27 15:09:00,-0.09
2024-09-27 15:09:00,-0.09
2024-09-27 15:09:00,-0.09
2024-09-27 15:09:00,-0.09
2024-09-27 15:09:00,-0.1
2024-09-27 15:09:00,-0.1
2024-09-27 15:09:00,-0.1
2024-09-27 15:09:00,-0.1
2024-09-27 15:09:00,-0.1
2024-09-27 15:09:00,-0.1
2024-09-27 15:09:00,-0.1
2024-09-27 15:09:00,-0.1
2024-09-27 15:09:00,-0.1
2024-09-27 15:09:00,-0.11
2024-09-27 15:09:00,-0.11
2024-09-27 15:09:00,-0.11
2024-09-27 15:09:00,-0.11
2024-09-27 15:09:00,-0.11
2024-09-27 15:09:00,-0.11
2024-09-27 15:09:01,-0.11
2024-09-27 15:09:01,-0.11
2024-09-27 15:09:01,-0.11
2024-09-27 15:09:01,-0.11
2024-09-27 15:09:01,-0.11
2024-09-27 15:09:01,-0.11
2024-09-27 15:09:01,-0.11
2024-09-27 15:09:01,-0.11
2024-09-27 15:09:01,-0.11
2024-09-27 15:09:01,-0.11
2024-09-27 15:09:01,-0.11
2024-09-27 15:09:01,-0.11
2024-09-27 15:09:01,-0.11
2024-09-27 15:09:01,-0.15
2024-09-27 15:09:01,-0.15
2024-09-27 15:09:01,-0.15
2024-09-27 15:09:01,-0.15
2024-09-27 15:09:01,-0.15
2024-09-27 15:09:01,-0.15
2024-09-27 15:09:01,-0.15
2024-09-27 15:09:01,-0.15
2024-09-27 15:09:01,-0.17
2024-09-27 15:09:01,-0.17
2024-09-27 15:09:01,-0.17
2024-09-27 15:09:01,-0.17
2024-09-27 15:09:01,-0.17
2024-09-27 15:09:01,-0.17
2024-09-27 15:09:01,-0.17
2024-09-27 15:09:01,-0.17
2024-09-27 15:09:01,-0.17
2024-09-27 15:09:01,-0.17
2024-09-27 15:09:01,-0.17
2024-09-27 15:09:01,-0.19
2024-09-27 15:09:01,-0.19
2024-09-27 15:09:01,-0.19
2024-09-27 15:09:01,-0.19
2024-09-27 15:09:01,-0.19
2024-09-27 15:09:01,-0.19
2024-09-27 15:09:01,-0.19
2024-09-27 15:09:01,-0.19
2024-09-27 15:09:01,-0.19
2024-09-27 15:09:01,-0.19
2024-09-27 15:09:01,-0.19
2024-09-27 15:09:01,-0.19
2024-09-27 15:09:01,-0.19
2024-09-27 15:09:01,-0.19
2024-09-27 15:09:01,-0.17
2024-09-27 15:09:01,-0.17
2024-09-27 15:09:01,-0.17
2024-09-27 15:09:01,-0.17
2024-09-27 15:09:01,-0.17
2024-09-27 15:09:01,-0.17
2024-09-27 15:09:01,-0.17
2024-09-27 15:09:01,-0.17
2024-09-27 15:09:01,-0.17
2024-09-27 15:09:01,-0.17
2024-09-27 15:09:01,-0.12
2024-09-27 15:09:01,-0.12
2024-09-27 15:09:01,-0.12
2024-09-27 15:09:01,-0.12
2024-09-27 15:09:01,-0.12
2024-09-27 15:09:01,-0.12
2024-09-27 15:09:01,-0.12
2024-09-27 15:09:01,-0.12
2024-09-27 15:09:01,-0.12
2024-09-27 15:09:01,-0.1
2024-09-27 15:09:01,-0.1
2024-09-27 15:09:01,-0.1
2024-09-27 15:09:01,-0.1
2024-09-27 15:09:01,-0.1
2024-09-27 15:09:01,-0.1
2024-09-27 15:09:01,-0.1
2024-09-27 15:09:01,-0.1
2024-09-27 15:09:01,-0.1
2024-09-27 15:09:01,-0.1
2024-09-27 15:09:01,-0.12
2024-09-27 15:09:01,-0.12
2024-09-27 15:09:01,-0.12
2024-09-27 15:09:01,-0.12
2024-09-27 15:09:01,-0.12
2024-09-27 15:09:01,-0.12
2024-09-27 15:09:01,-0.12
2024-09-27 15:09:01,-0.12
2024-09-27 15:09:01,-0.12
2024-09-27 15:09:01,-0.14
2024-09-27 15:09:01,-0.14
2024-09-27 15:09:01,-0.14
2024-09-27 15:09:01,-0.14
2024-09-27 15:09:01,-0.14
2024-09-27 15:09:01,-0.14
2024-09-27 15:09:01,-0.14
2024-09-27 15:09:01,-0.14
2024-09-27 15:09:01,-0.14
2024-09-27 15:09:01,-0.18
2024-09-27 15:09:01,-0.18
2024-09-27 15:09:01,-0.18
2024-09-27 15:09:01,-0.18
2024-09-27 15:09:02,-0.18
2024-09-27 15:09:02,-0.18
2024-09-27 15:09:02,-0.18
2024-09-27 15:09:02,-0.18
2024-09-27 15:09:02,-0.18
2024-09-27 15:09:02,-0.18
2024-09-27 15:09:02,-0.18
2024-09-27 15:09:02,-0.18
2024-09-27 15:09:02,-0.18
2024-09-27 15:09:02,-0.18
2024-09-27 15:09:02,-0.18
2024-09-27 15:09:02,-0.18
2024-09-27 15:09:02,-0.18
2024-09-27 15:09:02,-0.18
2024-09-27 15:09:02,-0.18
2024-09-27 15:09:02,0
2024-09-27 15:09:02,0
2024-09-27 15:09:02,0
2024-09-27 15:09:02,0
2024-09-27 15:09:02,0
2024-09-27 15:09:02,0
2024-09-27 15:09:02,0
2024-09-27 15:09:02,0
2024-09-27 15:09:02,0
2024-09-27 15:09:02,0.02
2024-09-27 15:09:02,0.02
2024-09-27 15:09:02,0.02
2024-09-27 15:09:02,0.02
2024-09-27 15:09:02,0.02
2024-09-27 15:09:02,0.02
2024-09-27 15:09:02,0.02
2024-09-27 15:09:02,0.02
2024-09-27 15:09:02,0.02
2024-09-27 15:09:02,0.06
2024-09-27 15:09:02,0.06
2024-09-27 15:09:02,0.06
2024-09-27 15:09:02,0.06
2024-09-27 15:09:02,0.06
2024-09-27 15:09:02,0.06
2024-09-27 15:09:02,0.06
2024-09-27 15:09:02,0.06
2024-09-27 15:09:02,0.06
2024-09-27 15:09:02,0.06
2024-09-27 15:09:02,0.08
2024-09-27 15:09:02,0.08
2024-09-27 15:09:02,0.08
2024-09-27 15:09:02,0.08
2024-09-27 15:09:02,0.08
2024-09-27 15:09:02,0.08
2024-09-27 15:09:02,0.08
2024-09-27 15:09:02,0.08
2024-09-27 15:09:02,0.08
2024-09-27 15:09:02,0.08
2024-09-27 15:09:02,0.08
2024-09-27 15:09:02,0.08
2024-09-27 15:09:02,0.08
2024-09-27 15:09:02,0.08
2024-09-27 15:09:02,0.08
2024-09-27 15:09:02,0.08
2024-09-27 15:09:02,0.08
2024-09-27 15:09:02,0.08
2024-09-27 15:09:02,0
2024-09-27 15:09:02,0
2024-09-27 15:09:02,0
2024-09-27 15:09:02,0
2024-09-27 15:09:02,0
2024-09-27 15:09:02,0
2024-09-27 15:09:02,0
2024-09-27 15:09:02,0
2024-09-27 15:09:02,0
2024-09-27 15:09:02,0
2024-09-27 15:09:02,-0.06
2024-09-27 15:09:02,-0.06
2024-09-27 15:09:02,-0.06
2024-09-27 15:09:02,-0.06
2024-09-27 15:09:02,-0.06
2024-09-27 15:09:02,-0.06
2024-09-27 15:09:02,-0.06
2024-09-27 15:09:02,-0.06
2024-09-27 15:09:02,-0.06
2024-09-27 15:09:02,-0.07
2024-09-27 15:09:02,-0.07
2024-09-27 15:09:02,-0.07
2024-09-27 15:09:02,-0.07
2024-09-27 15:09:02,-0.07
2024-09-27 15:09:02,-0.07
2024-09-27 15:09:02,-0.07
2024-09-27 15:09:02,-0.07
2024-09-27 15:09:02,-0.07
2024-09-27 15:09:02,-0.05
2024-09-27 15:09:02,-0.05
2024-09-27 15:09:02,-0.05
2024-09-27 15:09:02,-0.05
2024-09-27 15:09:02,-0.05
2024-09-27 15:09:02,-0.05
2024-09-27 15:09:02,-0.05
2024-09-27 15:09:02,-0.05
2024-09-27 15:09:02,-0.05
2024-09-27 15:09:02,-0.02
2024-09-27 15:09:02,-0.02
2024-09-27 15:09:03,-0.02
2024-09-27 15:09:03,-0.02
2024-09-27 15:09:03,-0.02
2024-09-27 15:09:03,-0.02
2024-09-27 15:09:03,-0.02
2024-09-27 15:09:03,-0.02
2024-09-27 15:09:03,-0.02
2024-09-27 15:09:03,-0.02
2024-09-27 15:09:03,0
2024-09-27 15:09:03,0
2024-09-27 15:09:03,0
2024-09-27 15:09:03,0
2024-09-27 15:09:03,0
2024-09-27 15:09:03,0
2024-09-27 15:09:03,0
2024-09-27 15:09:03,0
2024-09-27 15:09:03,0
2024-09-27 15:09:03,0
2024-09-27 15:09:03,0
2024-09-27 15:09:03,0
2024-09-27 15:09:03,0
2024-09-27 15:09:03,0
2024-09-27 15:09:03,0
2024-09-27 15:09:03,0
2024-09-27 15:09:03,0
2024-09-27 15:09:03,0
2024-09-27 15:09:03,-0.01
2024-09-27 15:09:03,-0.01
2024-09-27 15:09:03,-0.01
2024-09-27 15:09:03,-0.01
2024-09-27 15:09:03,-0.01
2024-09-27 15:09:03,-0.01
2024-09-27 15:09:03,-0.01
2024-09-27 15:09:03,-0.01
2024-09-27 15:09:03,-0.01
2024-09-27 15:09:03,-0.06
2024-09-27 15:09:03,-0.06
2024-09-27 15:09:03,-0.06
2024-09-27 15:09:03,-0.06
2024-09-27 15:09:03,-0.06
2024-09-27 15:09:03,-0.06
2024-09-27 15:09:03,-0.06
2024-09-27 15:09:03,-0.06
2024-09-27 15:09:03,-0.06
2024-09-27 15:09:03,-0.06
2024-09-27 15:09:03,-0.09
2024-09-27 15:09:03,-0.09
2024-09-27 15:09:03,-0.09
2024-09-27 15:09:03,-0.09
2024-09-27 15:09:03,-0.09
2024-09-27 15:09:03,-0.09
2024-09-27 15:09:03,-0.09
2024-09-27 15:09:03,-0.09
2024-09-27 15:09:03,-0.09
2024-09-27 15:09:03,-0.1
2024-09-27 15:09:03,-0.1
2024-09-27 15:09:03,-0.1
2024-09-27 15:09:03,-0.1
2024-09-27 15:09:03,-0.1
2024-09-27 15:09:03,-0.1
2024-09-27 15:09:03,-0.1
2024-09-27 15:09:03,-0.1
2024-09-27 15:09:03,-0.1
2024-09-27 15:09:03,-0.12
2024-09-27 15:09:03,-0.12
2024-09-27 15:09:03,-0.12
2024-09-27 15:09:03,-0.12
2024-09-27 15:09:03,-0.12
2024-09-27 15:09:03,-0.12
2024-09-27 15:09:03,-0.12
2024-09-27 15:09:03,-0.12
2024-09-27 15:09:03,-0.12
2024-09-27 15:09:03,-0.12
2024-09-27 15:09:03,-0.11
2024-09-27 15:09:03,-0.11
2024-09-27 15:09:03,-0.11
2024-09-27 15:09:03,-0.11
2024-09-27 15:09:03,-0.11
2024-09-27 15:09:03,-0.11
2024-09-27 15:09:03,-0.11
2024-09-27 15:09:03,-0.11
2024-09-27 15:09:03,-0.11
2024-09-27 15:09:03,-0.1
2024-09-27 15:09:03,-0.1
2024-09-27 15:09:03,-0.1
2024-09-27 15:09:03,-0.1
2024-09-27 15:09:03,-0.1
2024-09-27 15:09:03,-0.1
2024-09-27 15:09:03,-0.1
2024-09-27 15:09:03,-0.1
2024-09-27 15:09:03,-0.1
2024-09-27 15:09:03,-0.1
2024-09-27 15:09:03,-0.1
2024-09-27 15:09:03,-0.1
2024-09-27 15:09:03,-0.1
2024-09-27 15:09:03,-0.1
2024-09-27 15:09:03,-0.1
2024-09-27 15:09:03,-0.1
2024-09-27 15:09:03,-0.1
2024-09-27 15:09:03,-0.1
2024-09-27 15:09:04,-0.04
2024-09-27 15:09:04,-0.04
2024-09-27 15:09:04,-0.04
2024-09-27 15:09:04,-0.04
2024-09-27 15:09:04,-0.04
2024-09-27 15:09:04,-0.04
2024-09-27 15:09:04,-0.04
2024-09-27 15:09:04,-0.04
2024-09-27 15:09:04,-0.04
2024-09-27 15:09:04,-0.04
2024-09-27 15:09:04,-0.03
2024-09-27 15:09:04,-0.03
2024-09-27 15:09:04,-0.03
2024-09-27 15:09:04,-0.03
2024-09-27 15:09:04,-0.03
2024-09-27 15:09:04,-0.03
2024-09-27 15:09:04,-0.03
2024-09-27 15:09:04,-0.03
2024-09-27 15:09:04,-0.03
2024-09-27 15:09:04,0.05
2024-09-27 15:09:04,0.05
2024-09-27 15:09:04,0.05
2024-09-27 15:09:04,0.05
2024-09-27 15:09:04,0.05
2024-09-27 15:09:04,0.05
2024-09-27 15:09:04,0.05
2024-09-27 15:09:04,0.05
2024-09-27 15:09:04,0.05
2024-09-27 15:09:04,0.03
2024-09-27 15:09:04,0.03
2024-09-27 15:09:04,0.03
2024-09-27 15:09:04,0.03
2024-09-27 15:09:04,0.03
2024-09-27 15:09:04,0.03
2024-09-27 15:09:04,0.03
2024-09-27 15:09:04,0.03
2024-09-27 15:09:04,0.03
2024-09-27 15:09:04,0.05
2024-09-27 15:09:04,0.05
2024-09-27 15:09:04,0.05
2024-09-27 15:09:04,0.05
2024-09-27 15:09:04,0.05
2024-09-27 15:09:04,0.05
2024-09-27 15:09:04,0.05
2024-09-27 15:09:04,0.05
2024-09-27 15:09:04,0.05
2024-09-27 15:09:04,0.05
2024-09-27 15:09:04,0.05
2024-09-27 15:09:04,0.05
2024-09-27 15:09:04,0.05
2024-09-27 15:09:04,0.05
2024-09-27 15:09:04,0.05
2024-09-27 15:09:04,0.05
2024-09-27 15:09:04,0.05
2024-09-27 15:09:04,0.05
2024-09-27 15:09:04,0.05
2024-09-27 15:09:04,-0.03
2024-09-27 15:09:04,-0.03
2024-09-27 15:09:04,-0.03
2024-09-27 15:09:04,-0.03
2024-09-27 15:09:04,-0.03
2024-09-27 15:09:04,-0.03
2024-09-27 15:09:04,-0.03
2024-09-27 15:09:04,-0.03
2024-09-27 15:09:04,-0.03
2024-09-27 15:09:04,0.02
2024-09-27 15:09:04,0.02
2024-09-27 15:09:04,0.02
2024-09-27 15:09:04,0.02
2024-09-27 15:09:04,0.02
2024-09-27 15:09:04,0.02
2024-09-27 15:09:04,0.02
2024-09-27 15:09:04,0.02
2024-09-27 15:09:04,0.02
2024-09-27 15:09:04,0.02
2024-09-27 15:09:04,0.05
2024-09-27 15:09:04,0.05
2024-09-27 15:09:04,0.05
2024-09-27 15:09:04,0.05
2024-09-27 15:09:04,0.05
2024-09-27 15:09:04,0.05
2024-09-27 15:09:04,0.05
2024-09-27 15:09:04,0.05
2024-09-27 15:09:04,0.05
2024-09-27 15:09:04,0.09
2024-09-27 15:09:04,0.09
2024-09-27 15:09:04,0.09
2024-09-27 15:09:04,0.09
2024-09-27 15:09:04,0.09
2024-09-27 15:09:04,0.09
2024-09-27 15:09:04,0.09
2024-09-27 15:09:04,0.09
2024-09-27 15:09:04,0.09
2024-09-27 15:09:04,0.08
2024-09-27 15:09:04,0.08
2024-09-27 15:09:04,0.08
2024-09-27 15:09:04,0.08
2024-09-27 15:09:04,0.08
2024-09-27 15:09:04,0.08
2024-09-27 15:09:04,0.08
2024-09-27 15:09:05,0.08
2024-09-27 15:09:05,0.08
2024-09-27 15:09:05,0.04
2024-09-27 15:09:05,0.04
2024-09-27 15:09:05,0.04
2024-09-27 15:09:05,0.04
2024-09-27 15:09:05,0.04
2024-09-27 15:09:05,0.04
2024-09-27 15:09:05,0.04
2024-09-27 15:09:05,0.04
2024-09-27 15:09:05,0.04
2024-09-27 15:09:05,0.04
2024-09-27 15:09:05,0.02
2024-09-27 15:09:05,0.02
2024-09-27 15:09:05,0.02
2024-09-27 15:09:05,0.02
2024-09-27 15:09:05,0.02
2024-09-27 15:09:05,0.02
2024-09-27 15:09:05,0.02
2024-09-27 15:09:05,0.02
2024-09-27 15:09:05,0.02
2024-09-27 15:09:05,-0.03
2024-09-27 15:09:05,-0.03
2024-09-27 15:09:05,-0.03
2024-09-27 15:09:05,-0.03
2024-09-27 15:09:05,-0.03
2024-09-27 15:09:05,-0.03
2024-09-27 15:09:05,-0.03
2024-09-27 15:09:05,-0.03
2024-09-27 15:09:05,-0.03
2024-09-27 15:09:05,-0.02
2024-09-27 15:09:05,-0.02
2024-09-27 15:09:05,-0.02
2024-09-27 15:09:05,-0.02
2024-09-27 15:09:05,-0.02
2024-09-27 15:09:05,-0.02
2024-09-27 15:09:05,-0.02
2024-09-27 15:09:05,-0.02
2024-09-27 15:09:05,-0.02
2024-09-27 15:09:05,-0.01
2024-09-27 15:09:05,-0.01
2024-09-27 15:09:05,-0.01
2024-09-27 15:09:05,-0.01
2024-09-27 15:09:05,-0.01
2024-09-27 15:09:05,-0.01
2024-09-27 15:09:05,-0.01
2024-09-27 15:09:05,-0.01
2024-09-27 15:09:05,-0.01
2024-09-27 15:09:05,-0.01
2024-09-27 15:09:05,-0.01
2024-09-27 15:09:05,-0.02
2024-09-27 15:09:05,-0.02
2024-09-27 15:09:05,-0.02
2024-09-27 15:09:05,-0.02
2024-09-27 15:09:05,-0.02
2024-09-27 15:09:05,-0.02
2024-09-27 15:09:05,-0.02
2024-09-27 15:09:05,-0.02
2024-09-27 15:09:05,0.01
2024-09-27 15:09:05,0.01
2024-09-27 15:09:05,0.01
2024-09-27 15:09:05,0.01
2024-09-27 15:09:05,0.01
2024-09-27 15:09:05,0.01
2024-09-27 15:09:05,0.01
2024-09-27 15:09:05,0.01
2024-09-27 15:09:05,0.01
2024-09-27 15:09:05,-0.01
2024-09-27 15:09:05,-0.01
2024-09-27 15:09:05,-0.01
2024-09-27 15:09:05,-0.01
2024-09-27 15:09:05,-0.01
2024-09-27 15:09:05,-0.01
2024-09-27 15:09:05,-0.01
2024-09-27 15:09:05,-0.01
2024-09-27 15:09:05,-0.01
2024-09-27 15:09:05,0
2024-09-27 15:09:05,0
2024-09-27 15:09:05,0
2024-09-27 15:09:05,0
2024-09-27 15:09:05,0
2024-09-27 15:09:05,0
2024-09-27 15:09:05,0
2024-09-27 15:09:05,0
2024-09-27 15:09:05,0
2024-09-27 15:09:05,0
2024-09-27 15:09:05,0.02
2024-09-27 15:09:05,0.02
2024-09-27 15:09:05,0.02
2024-09-27 15:09:05,0.02
2024-09-27 15:09:05,0.02
2024-09-27 15:09:05,0.02
2024-09-27 15:09:05,0.02
2024-09-27 15:09:05,0.02
2024-09-27 15:09:05,0.02
2024-09-27 15:09:05,0.02
2024-09-27 15:09:05,0.02
2024-09-27 15:09:05,0.02
2024-09-27 15:09:05,0.02
2024-09-27 15:09:05,0.02
2024-09-27 15:09:06,0.02
2024-09-27 15:09:06,0.02
2024-09-27 15:09:06,0.02
2024-09-27 15:09:06,0.02
2024-09-27 15:09:06,-0.01
2024-09-27 15:09:06,-0.01
2024-09-27 15:09:06,-0.01
2024-09-27 15:09:06,-0.01
2024-09-27 15:09:06,-0.01
2024-09-27 15:09:06,-0.01
2024-09-27 15:09:06,-0.01
2024-09-27 15:09:06,-0.01
2024-09-27 15:09:06,-0.01
2024-09-27 15:09:06,-0.01
2024-09-27 15:09:06,-0.01
2024-09-27 15:09:06,-0.01
2024-09-27 15:09:06,-0.01
2024-09-27 15:09:06,-0.01
2024-09-27 15:09:06,-0.01
2024-09-27 15:09:06,-0.01
2024-09-27 15:09:06,-0.01
2024-09-27 15:09:06,-0.01
2024-09-27 15:09:06,-0.01
2024-09-27 15:09:06,-0.03
2024-09-27 15:09:06,-0.03
2024-09-27 15:09:06,-0.03
2024-09-27 15:09:06,-0.03
2024-09-27 15:09:06,-0.03
2024-09-27 15:09:06,-0.03
2024-09-27 15:09:06,-0.03
2024-09-27 15:09:06,-0.03
2024-09-27 15:09:06,-0.03
2024-09-27 15:09:06,-0.03
2024-09-27 15:09:06,-0.03
2024-09-27 15:09:06,-0.03
2024-09-27 15:09:06,-0.03
2024-09-27 15:09:06,-0.03
2024-09-27 15:09:06,-0.03
2024-09-27 15:09:06,-0.03
2024-09-27 15:09:06,-0.03
2024-09-27 15:09:06,-0.03
2024-09-27 15:09:06,0.05
2024-09-27 15:09:06,0.05
2024-09-27 15:09:06,0.05
2024-09-27 15:09:06,0.05
2024-09-27 15:09:06,0.05
2024-09-27 15:09:06,0.05
2024-09-27 15:09:06,0.05
2024-09-27 15:09:06,0.05
2024-09-27 15:09:06,0.05
2024-09-27 15:09:06,0.05
2024-09-27 15:09:06,0.07
2024-09-27 15:09:06,0.07
2024-09-27 15:09:06,0.07
2024-09-27 15:09:06,0.07
2024-09-27 15:09:06,0.07
2024-09-27 15:09:06,0.07
2024-09-27 15:09:06,0.07
2024-09-27 15:09:06,0.07
2024-09-27 15:09:06,0.07
2024-09-27 15:09:06,0.05
2024-09-27 15:09:06,0.05
2024-09-27 15:09:06,0.05
2024-09-27 15:09:06,0.05
2024-09-27 15:09:06,0.05
2024-09-27 15:09:06,0.05
2024-09-27 15:09:06,0.05
2024-09-27 15:09:06,0.05
2024-09-27 15:09:06,0.05
2024-09-27 15:09:06,0.04
2024-09-27 15:09:06,0.04
2024-09-27 15:09:06,0.04
2024-09-27 15:09:06,0.04
2024-09-27 15:09:06,0.04
2024-09-27 15:09:06,0.04
2024-09-27 15:09:06,0.04
2024-09-27 15:09:06,0.04
2024-09-27 15:09:06,0.04
2024-09-27 15:09:06,0.04
2024-09-27 15:09:06,-0.01
2024-09-27 15:09:06,-0.01
2024-09-27 15:09:06,-0.01
2024-09-27 15:09:06,-0.01
2024-09-27 15:09:06,-0.01
2024-09-27 15:09:06,-0.01
2024-09-27 15:09:06,-0.01
2024-09-27 15:09:06,-0.01
2024-09-27 15:09:06,-0.01
2024-09-27 15:09:06,-0.01
2024-09-27 15:09:06,-0.01
2024-09-27 15:09:06,-0.01
2024-09-27 15:09:06,-0.01
2024-09-27 15:09:06,-0.01
2024-09-27 15:09:06,-0.01
2024-09-27 15:09:06,-0.01
2024-09-27 15:09:06,-0.01
2024-09-27 15:09:06,-0.01
2024-09-27 15:09:06,0.03
2024-09-27 15:09:06,0.03
2024-09-27 15:09:06,0.03
2024-09-27 15:09:07,0.03
2024-09-27 15:09:07,0.03
2024-09-27 15:09:07,0.03
2024-09-27 15:09:07,0.03
2024-09-27 15:09:07,0.03
2024-09-27 15:09:07,0.03
2024-09-27 15:09:07,0.01
2024-09-27 15:09:07,0.01
2024-09-27 15:09:07,0.01
2024-09-27 15:09:07,0.01
2024-09-27 15:09:07,0.01
2024-09-27 15:09:07,0.01
2024-09-27 15:09:07,0.01
2024-09-27 15:09:07,0.01
2024-09-27 15:09:07,0.01
2024-09-27 15:09:07,0.01
2024-09-27 15:09:07,0.02
2024-09-27 15:09:07,0.02
2024-09-27 15:09:07,0.02
2024-09-27 15:09:07,0.02
2024-09-27 15:09:07,0.02
2024-09-27 15:09:07,0.02
2024-09-27 15:09:07,0.03
2024-09-27 15:09:07,0.03
2024-09-27 15:09:07,0.03
2024-09-27 15:09:07,0.03
2024-09-27 15:09:07,0.03
2024-09-27 15:09:07,0.03
2024-09-27 15:09:07,0.03
2024-09-27 15:09:07,0.03
2024-09-27 15:09:07,0.03
2024-09-27 15:09:07,0.03
2024-09-27 15:09:07,-0.03
2024-09-27 15:09:07,-0.03
2024-09-27 15:09:07,-0.03
2024-09-27 15:09:07,-0.03
2024-09-27 15:09:07,-0.03
2024-09-27 15:09:07,-0.03
2024-09-27 15:09:07,-0.03
2024-09-27 15:09:07,-0.03
2024-09-27 15:09:07,-0.03
2024-09-27 15:09:07,-0.07
2024-09-27 15:09:07,-0.07
2024-09-27 15:09:07,-0.07
2024-09-27 15:09:07,-0.07
2024-09-27 15:09:07,-0.07
2024-09-27 15:09:07,-0.07
2024-09-27 15:09:07,-0.07
2024-09-27 15:09:07,-0.07
2024-09-27 15:09:07,-0.07
2024-09-27 15:09:07,-0.07
2024-09-27 15:09:07,-0.1
2024-09-27 15:09:07,-0.1
2024-09-27 15:09:07,-0.1
2024-09-27 15:09:07,-0.1
2024-09-27 15:09:07,-0.1
2024-09-27 15:09:07,-0.1
2024-09-27 15:09:07,-0.1
2024-09-27 15:09:07,-0.1
2024-09-27 15:09:07,-0.1
2024-09-27 15:09:07,-0.14
2024-09-27 15:09:07,-0.14
2024-09-27 15:09:07,-0.14
2024-09-27 15:09:07,-0.14
2024-09-27 15:09:07,-0.14
2024-09-27 15:09:07,-0.14
2024-09-27 15:09:07,-0.14
2024-09-27 15:09:07,-0.14
2024-09-27 15:09:07,-0.14
2024-09-27 15:09:07,-0.1
2024-09-27 15:09:07,-0.1
2024-09-27 15:09:07,-0.1
2024-09-27 15:09:07,-0.1
2024-09-27 15:09:07,-0.1
2024-09-27 15:09:07,-0.1
2024-09-27 15:09:07,-0.1
2024-09-27 15:09:07,-0.1
2024-09-27 15:09:07,-0.1
2024-09-27 15:09:07,-0.1
2024-09-27 15:09:07,-0.06
2024-09-27 15:09:07,-0.06
2024-09-27 15:09:07,-0.06
2024-09-27 15:09:07,-0.06
2024-09-27 15:09:07,-0.06
2024-09-27 15:09:07,-0.03
2024-09-27 15:09:07,-0.03
2024-09-27 15:09:07,-0.03
2024-09-27 15:09:07,-0.03
2024-09-27 15:09:07,-0.03
2024-09-27 15:09:07,-0.03
2024-09-27 15:09:07,-0.03
2024-09-27 15:09:07,-0.03
2024-09-27 15:09:07,-0.03
2024-09-27 15:09:07,-0.03
2024-09-27 15:09:07,0
2024-09-27 15:09:08,0
2024-09-27 15:09:08,0
2024-09-27 15:09:08,0
2024-09-27 15:09:08,0
2024-09-27 15:09:08,0
2024-09-27 15:09:08,0
2024-09-27 15:09:08,0
2024-09-27 15:09:08,0
2024-09-27 15:09:08,0.02
2024-09-27 15:09:08,0.02
2024-09-27 15:09:08,0.02
2024-09-27 15:09:08,0.02
2024-09-27 15:09:08,0.02
2024-09-27 15:09:08,0.02
2024-09-27 15:09:08,0.02
2024-09-27 15:09:08,0.02
2024-09-27 15:09:08,0.02
2024-09-27 15:09:08,0.02
2024-09-27 15:09:08,0.04
2024-09-27 15:09:08,0.04
2024-09-27 15:09:08,0.04
2024-09-27 15:09:08,0.04
2024-09-27 15:09:08,0.04
2024-09-27 15:09:08,0.04
2024-09-27 15:09:08,0.04
2024-09-27 15:09:08,0.04
2024-09-27 15:09:08,0.04
2024-09-27 15:09:08,0.02
2024-09-27 15:09:08,0.02
2024-09-27 15:09:08,0.02
2024-09-27 15:09:08,0.02
2024-09-27 15:09:08,0.02
2024-09-27 15:09:08,0.02
2024-09-27 15:09:08,0.02
2024-09-27 15:09:08,0.02
2024-09-27 15:09:08,0.02
2024-09-27 15:09:08,0.02
2024-09-27 15:09:08,0.02
2024-09-27 15:09:08,0.02
2024-09-27 15:09:08,0.02
2024-09-27 15:09:08,0.02
2024-09-27 15:09:08,0.02
2024-09-27 15:09:08,0.02
2024-09-27 15:09:08,0.02
2024-09-27 15:09:08,0.02
2024-09-27 15:09:08,-0.04
2024-09-27 15:09:08,-0.04
2024-09-27 15:09:08,-0.04
2024-09-27 15:09:08,-0.04
2024-09-27 15:09:08,-0.04
2024-09-27 15:09:08,-0.04
2024-09-27 15:09:08,-0.04
2024-09-27 15:09:08,-0.04
2024-09-27 15:09:08,-0.04
2024-09-27 15:09:08,-0.04
2024-09-27 15:09:08,-0.05
2024-09-27 15:09:08,-0.05
2024-09-27 15:09:08,-0.05
2024-09-27 15:09:08,-0.05
2024-09-27 15:09:08,-0.05
2024-09-27 15:09:08,-0.05
2024-09-27 15:09:08,-0.05
2024-09-27 15:09:08,-0.05
2024-09-27 15:09:08,-0.05
2024-09-27 15:09:08,-0.02
2024-09-27 15:09:08,-0.02
2024-09-27 15:09:08,-0.02
2024-09-27 15:09:08,-0.02
2024-09-27 15:09:08,-0.02
2024-09-27 15:09:08,-0.02
2024-09-27 15:09:08,-0.02
2024-09-27 15:09:08,-0.02
2024-09-27 15:09:08,-0.02
2024-09-27 15:09:08,-0.01
2024-09-27 15:09:08,-0.01
2024-09-27 15:09:08,-0.01
2024-09-27 15:09:08,-0.01
2024-09-27 15:09:08,-0.01
2024-09-27 15:09:08,-0.01
2024-09-27 15:09:08,-0.01
2024-09-27 15:09:08,-0.01
2024-09-27 15:09:08,-0.01
2024-09-27 15:09:08,-0.01
2024-09-27 15:09:08,-0.01
2024-09-27 15:09:08,-0.01
2024-09-27 15:09:08,-0.01
2024-09-27 15:09:08,-0.01
2024-09-27 15:09:08,-0.01
2024-09-27 15:09:08,-0.01
2024-09-27 15:09:08,-0.01
2024-09-27 15:09:08,-0.01
2024-09-27 15:09:08,-0.03
2024-09-27 15:09:08,-0.03
2024-09-27 15:09:08,-0.03
2024-09-27 15:09:08,-0.03
2024-09-27 15:09:08,-0.03
2024-09-27 15:09:08,-0.03
2024-09-27 15:09:08,-0.03
2024-09-27 15:09:08,-0.03
2024-09-27 15:09:08,-0.03
2024-09-27 15:09:09,-0.03
2024-09-27 15:09:09,-0.04
2024-09-27 15:09:09,-0.04
2024-09-27 15:09:09,-0.04
2024-09-27 15:09:09,-0.04
2024-09-27 15:09:09,-0.04
2024-09-27 15:09:09,-0.04
2024-09-27 15:09:09,-0.04
2024-09-27 15:09:09,-0.04
2024-09-27 15:09:09,-0.04
2024-09-27 15:09:09,-0.06
2024-09-27 15:09:09,-0.06
2024-09-27 15:09:09,-0.06
2024-09-27 15:09:09,-0.06
2024-09-27 15:09:09,-0.06
2024-09-27 15:09:09,-0.06
2024-09-27 15:09:09,-0.06
2024-09-27 15:09:09,-0.06
2024-09-27 15:09:09,-0.06
2024-09-27 15:09:09,-0.06
2024-09-27 15:09:09,-0.07
2024-09-27 15:09:09,-0.07
2024-09-27 15:09:09,-0.07
2024-09-27 15:09:09,-0.07
2024-09-27 15:09:09,-0.07
2024-09-27 15:09:09,-0.07
2024-09-27 15:09:09,-0.07
2024-09-27 15:09:09,-0.07
2024-09-27 15:09:09,-0.07
2024-09-27 15:09:09,-0.05
2024-09-27 15:09:09,-0.05
2024-09-27 15:09:09,-0.05
2024-09-27 15:09:09,-0.05
2024-09-27 15:09:09,-0.09
2024-09-27 15:09:09,-0.09
2024-09-27 15:09:09,-0.09
2024-09-27 15:09:09,-0.09
2024-09-27 15:09:09,-0.09
2024-09-27 15:09:09,-0.09
2024-09-27 15:09:09,-0.09
2024-09-27 15:09:09,-0.09
2024-09-27 15:09:09,-0.09
2024-09-27 15:09:09,-0.09
2024-09-27 15:09:09,-0.03
2024-09-27 15:09:09,-0.03
2024-09-27 15:09:09,-0.03
2024-09-27 15:09:09,-0.03
2024-09-27 15:09:09,-0.03
2024-09-27 15:09:09,-0.03
2024-09-27 15:09:09,-0.03
2024-09-27 15:09:09,-0.03
2024-09-27 15:09:09,-0.03
2024-09-27 15:09:09,-0.02
2024-09-27 15:09:09,-0.02
2024-09-27 15:09:09,-0.02
2024-09-27 15:09:09,-0.02
2024-09-27 15:09:09,-0.02
2024-09-27 15:09:09,-0.02
2024-09-27 15:09:09,-0.02
2024-09-27 15:09:09,-0.02
2024-09-27 15:09:09,-0.02
2024-09-27 15:09:09,-0.07
2024-09-27 15:09:09,-0.07
2024-09-27 15:09:09,-0.07
2024-09-27 15:09:09,-0.07
2024-09-27 15:09:09,-0.07
2024-09-27 15:09:09,-0.07
2024-09-27 15:09:09,-0.07
2024-09-27 15:09:09,-0.07
2024-09-27 15:09:09,-0.07
2024-09-27 15:09:09,-0.08
2024-09-27 15:09:09,-0.08
2024-09-27 15:09:09,-0.08
2024-09-27 15:09:09,-0.08
2024-09-27 15:09:09,-0.08
2024-09-27 15:09:09,-0.08
2024-09-27 15:09:09,-0.08
2024-09-27 15:09:09,-0.08
2024-09-27 15:09:09,-0.08
2024-09-27 15:09:09,-0.08
2024-09-27 15:09:09,-0.16
2024-09-27 15:09:09,-0.16
2024-09-27 15:09:09,-0.16
2024-09-27 15:09:09,-0.16
2024-09-27 15:09:09,-0.16
2024-09-27 15:09:09,-0.16
2024-09-27 15:09:09,-0.16
2024-09-27 15:09:09,-0.16
2024-09-27 15:09:09,-0.19
2024-09-27 15:09:09,-0.19
2024-09-27 15:09:09,-0.19
2024-09-27 15:09:09,-0.19
2024-09-27 15:09:09,-0.19
2024-09-27 15:09:09,-0.19
2024-09-27 15:09:09,-0.19
2024-09-27 15:09:10,-0.19
2024-09-27 15:09:10,-0.19
2024-09-27 15:09:10,-0.19
2024-09-27 15:09:10,-0.17
2024-09-27 15:09:10,-0.17
2024-09-27 15:09:10,-0.17
2024-09-27 15:09:10,-0.17
2024-09-27 15:09:10,-0.17
2024-09-27 15:09:10,-0.17
2024-09-27 15:09:10,-0.17
2024-09-27 15:09:10,-0.17
2024-09-27 15:09:10,-0.17
2024-09-27 15:09:10,-0.17
2024-09-27 15:09:10,-0.17
2024-09-27 15:09:10,-0.17
2024-09-27 15:09:10,-0.17
2024-09-27 15:09:10,-0.17
2024-09-27 15:09:10,-0.17
2024-09-27 15:09:10,-0.17
2024-09-27 15:09:10,-0.17
2024-09-27 15:09:10,-0.17
2024-09-27 15:09:10,-0.17
2024-09-27 15:09:10,-0.15
2024-09-27 15:09:10,-0.15
2024-09-27 15:09:10,-0.15
2024-09-27 15:09:10,-0.15
2024-09-27 15:09:10,-0.15
2024-09-27 15:09:10,-0.15
2024-09-27 15:09:10,-0.15
2024-09-27 15:09:10,-0.15
2024-09-27 15:09:10,-0.15
2024-09-27 15:09:10,-0.12
2024-09-27 15:09:10,-0.12
2024-09-27 15:09:10,-0.12
2024-09-27 15:09:10,-0.12
2024-09-27 15:09:10,-0.12
2024-09-27 15:09:10,-0.12
2024-09-27 15:09:10,-0.12
2024-09-27 15:09:10,-0.12
2024-09-27 15:09:10,-0.12
2024-09-27 15:09:10,-0.13
2024-09-27 15:09:10,-0.13
2024-09-27 15:09:10,-0.13
2024-09-27 15:09:10,-0.13
2024-09-27 15:09:10,-0.13
2024-09-27 15:09:10,-0.13
2024-09-27 15:09:10,-0.13
2024-09-27 15:09:10,-0.13
2024-09-27 15:09:10,-0.13
2024-09-27 15:09:10,-0.1
2024-09-27 15:09:10,-0.1
2024-09-27 15:09:10,-0.1
2024-09-27 15:09:10,-0.1
2024-09-27 15:09:10,-0.1
2024-09-27 15:09:10,-0.1
2024-09-27 15:09:10,-0.1
2024-09-27 15:09:10,-0.1
2024-09-27 15:09:10,-0.1
2024-09-27 15:09:10,-0.1
2024-09-27 15:09:10,-0.08
2024-09-27 15:09:10,-0.08
2024-09-27 15:09:10,-0.08
2024-09-27 15:09:10,-0.08
2024-09-27 15:09:10,-0.08
2024-09-27 15:09:10,-0.08
2024-09-27 15:09:10,-0.08
2024-09-27 15:09:10,-0.08
2024-09-27 15:09:10,-0.08
2024-09-27 15:09:10,-0.09
2024-09-27 15:09:10,-0.09
2024-09-27 15:09:10,-0.09
2024-09-27 15:09:10,-0.09
2024-09-27 15:09:10,-0.09
2024-09-27 15:09:10,-0.09
2024-09-27 15:09:10,-0.09
2024-09-27 15:09:10,-0.09
2024-09-27 15:09:10,-0.09
2024-09-27 15:09:10,-0.1
2024-09-27 15:09:10,-0.1
2024-09-27 15:09:10,-0.1
2024-09-27 15:09:10,-0.1
2024-09-27 15:09:10,-0.1
2024-09-27 15:09:10,-0.1
2024-09-27 15:09:10,-0.1
2024-09-27 15:09:10,-0.1
2024-09-27 15:09:10,-0.1
2024-09-27 15:09:10,-0.13
2024-09-27 15:09:10,-0.13
2024-09-27 15:09:10,-0.13
2024-09-27 15:09:10,-0.13
2024-09-27 15:09:10,-0.13
2024-09-27 15:09:10,-0.13
2024-09-27 15:09:10,-0.13
2024-09-27 15:09:10,-0.13
2024-09-27 15:09:10,-0.13
2024-09-27 15:09:10,-0.13
2024-09-27 15:09:10,-0.16
2024-09-27 15:09:10,-0.16
2024-09-27 15:09:10,-0.16
2024-09-27 15:09:10,-0.16
2024-09-27 15:09:11,-0.16
2024-09-27 15:09:11,-0.16
2024-09-27 15:09:11,-0.16
2024-09-27 15:09:11,-0.16
2024-09-27 15:09:11,-0.16
2024-09-27 15:09:11,-0.09
2024-09-27 15:09:11,-0.09
2024-09-27 15:09:11,-0.09
2024-09-27 15:09:11,-0.09
2024-09-27 15:09:11,-0.09
2024-09-27 15:09:11,-0.09
2024-09-27 15:09:11,-0.09
2024-09-27 15:09:11,-0.09
2024-09-27 15:09:11,-0.09
2024-09-27 15:09:11,-0.02
2024-09-27 15:09:11,-0.02
2024-09-27 15:09:11,-0.02
2024-09-27 15:09:11,-0.02
2024-09-27 15:09:11,-0.02
2024-09-27 15:09:11,-0.02
2024-09-27 15:09:11,-0.02
2024-09-27 15:09:11,-0.02
2024-09-27 15:09:11,-0.02
2024-09-27 15:09:11,-0.05
2024-09-27 15:09:11,-0.05
2024-09-27 15:09:11,-0.05
2024-09-27 15:09:11,-0.05
2024-09-27 15:09:11,-0.05
2024-09-27 15:09:11,-0.05
2024-09-27 15:09:11,-0.05
2024-09-27 15:09:11,-0.05
2024-09-27 15:09:11,-0.05
2024-09-27 15:09:11,-0.05
2024-09-27 15:09:11,-0.02
2024-09-27 15:09:11,-0.02
2024-09-27 15:09:11,-0.02
2024-09-27 15:09:11,-0.02
2024-09-27 15:09:11,-0.02
2024-09-27 15:09:11,-0.02
2024-09-27 15:09:11,-0.02
2024-09-27 15:09:11,-0.02
2024-09-27 15:09:11,-0.02
2024-09-27 15:09:11,-0.05
2024-09-27 15:09:11,-0.05
2024-09-27 15:09:11,-0.05
2024-09-27 15:09:11,-0.05
2024-09-27 15:09:11,-0.05
2024-09-27 15:09:11,-0.05
2024-09-27 15:09:11,-0.05
2024-09-27 15:09:11,-0.05
2024-09-27 15:09:11,-0.05
2024-09-27 15:09:11,-0.09
2024-09-27 15:09:11,-0.09
2024-09-27 15:09:11,-0.09
2024-09-27 15:09:11,-0.09
2024-09-27 15:09:11,-0.09
2024-09-27 15:09:11,-0.09
2024-09-27 15:09:11,-0.09
2024-09-27 15:09:11,-0.09
2024-09-27 15:09:11,-0.09
2024-09-27 15:09:11,-0.09
2024-09-27 15:09:11,-0.08
2024-09-27 15:09:11,-0.08
2024-09-27 15:09:11,-0.08
2024-09-27 15:09:11,-0.08
2024-09-27 15:09:11,-0.08
2024-09-27 15:09:11,-0.08
2024-09-27 15:09:11,-0.08
2024-09-27 15:09:11,-0.08
2024-09-27 15:09:11,-0.08
2024-09-27 15:09:11,-0.08
2024-09-27 15:09:11,-0.08
2024-09-27 15:09:11,-0.08
2024-09-27 15:09:11,-0.08
2024-09-27 15:09:11,-0.08
2024-09-27 15:09:11,-0.08
2024-09-27 15:09:11,-0.08
2024-09-27 15:09:11,-0.08
2024-09-27 15:09:11,-0.08
2024-09-27 15:09:11,-0.03
2024-09-27 15:09:11,-0.03
2024-09-27 15:09:11,-0.03
2024-09-27 15:09:11,-0.03
2024-09-27 15:09:11,-0.03
2024-09-27 15:09:11,-0.03
2024-09-27 15:09:11,-0.03
2024-09-27 15:09:11,-0.03
2024-09-27 15:09:11,-0.03
2024-09-27 15:09:11,-0.03
2024-09-27 15:09:11,-0.03
2024-09-27 15:09:11,-0.03
2024-09-27 15:09:11,-0.03
2024-09-27 15:09:11,-0.03
2024-09-27 15:09:11,-0.03
2024-09-27 15:09:11,-0.03
2024-09-27 15:09:11,-0.03
2024-09-27 15:09:11,-0.03
2024-09-27 15:09:11,-0.03
2024-09-27 15:09:11,0.03
2024-09-27 15:09:11,0.03
2024-09-27 15:09:12,0.03
2024-09-27 15:09:12,0.03
2024-09-27 15:09:12,0.03
2024-09-27 15:09:12,0.03
2024-09-27 15:09:12,0.03
2024-09-27 15:09:12,0.03
2024-09-27 15:09:12,0.03
2024-09-27 15:09:12,0.02
2024-09-27 15:09:12,0.02
2024-09-27 15:09:12,0.02
2024-09-27 15:09:12,0.02
2024-09-27 15:09:12,0.02
2024-09-27 15:09:12,0.02
2024-09-27 15:09:12,0.02
2024-09-27 15:09:12,0.02
2024-09-27 15:09:12,0.02
2024-09-27 15:09:12,0.01
2024-09-27 15:09:12,0.01
2024-09-27 15:09:12,0.01
2024-09-27 15:09:12,0.01
2024-09-27 15:09:12,0.01
2024-09-27 15:09:12,0.01
2024-09-27 15:09:12,0.01
2024-09-27 15:09:12,0.01
2024-09-27 15:09:12,0.01
2024-09-27 15:09:12,0.01
2024-09-27 15:09:12,-0.02
2024-09-27 15:09:12,-0.02
2024-09-27 15:09:12,-0.02
2024-09-27 15:09:12,-0.02
2024-09-27 15:09:12,-0.02
2024-09-27 15:09:12,-0.02
2024-09-27 15:09:12,-0.02
2024-09-27 15:09:12,-0.02
2024-09-27 15:09:12,-0.02
2024-09-27 15:09:12,-0.05
2024-09-27 15:09:12,-0.05
2024-09-27 15:09:12,-0.05
2024-09-27 15:09:12,-0.05
2024-09-27 15:09:12,-0.05
2024-09-27 15:09:12,-0.05
2024-09-27 15:09:12,-0.05
2024-09-27 15:09:12,-0.05
2024-09-27 15:09:12,-0.05
2024-09-27 15:09:12,-0.05
2024-09-27 15:09:12,-0.05
2024-09-27 15:09:12,-0.05
2024-09-27 15:09:12,-0.05
2024-09-27 15:09:12,-0.05
2024-09-27 15:09:12,-0.05
2024-09-27 15:09:12,-0.05
2024-09-27 15:09:12,-0.05
2024-09-27 15:09:12,-0.05
2024-09-27 15:09:12,-0.03
2024-09-27 15:09:12,-0.03
2024-09-27 15:09:12,-0.03
2024-09-27 15:09:12,-0.03
2024-09-27 15:09:12,-0.03
2024-09-27 15:09:12,-0.03
2024-09-27 15:09:12,-0.03
2024-09-27 15:09:12,-0.03
2024-09-27 15:09:12,-0.03
2024-09-27 15:09:12,-0.03
2024-09-27 15:09:12,-0.01
2024-09-27 15:09:12,-0.01
2024-09-27 15:09:12,-0.01
2024-09-27 15:09:12,-0.01
2024-09-27 15:09:12,-0.01
2024-09-27 15:09:12,-0.01
2024-09-27 15:09:12,-0.01
2024-09-27 15:09:12,-0.01
2024-09-27 15:09:12,-0.01
2024-09-27 15:09:12,-0.04
2024-09-27 15:09:12,-0.04
2024-09-27 15:09:12,-0.04
2024-09-27 15:09:12,-0.04
2024-09-27 15:09:12,-0.04
2024-09-27 15:09:12,-0.04
2024-09-27 15:09:12,-0.04
2024-09-27 15:09:12,-0.04
2024-09-27 15:09:12,-0.04
2024-09-27 15:09:12,-0.06
2024-09-27 15:09:12,-0.06
2024-09-27 15:09:12,-0.06
2024-09-27 15:09:12,-0.06
2024-09-27 15:09:12,-0.06
2024-09-27 15:09:12,-0.06
2024-09-27 15:09:12,-0.06
2024-09-27 15:09:12,-0.06
2024-09-27 15:09:12,-0.06
2024-09-27 15:09:12,-0.05
2024-09-27 15:09:12,-0.05
2024-09-27 15:09:12,-0.05
2024-09-27 15:09:12,-0.05
2024-09-27 15:09:12,-0.05
2024-09-27 15:09:12,-0.05
2024-09-27 15:09:12,-0.05
2024-09-27 15:09:12,-0.05
2024-09-27 15:09:12,-0.05
2024-09-27 15:09:12,-0.05
2024-09-27 15:09:13,-0.06
2024-09-27 15:09:13,-0.06
2024-09-27 15:09:13,-0.06
2024-09-27 15:09:13,-0.06
2024-09-27 15:09:13,-0.06
2024-09-27 15:09:13,-0.06
2024-09-27 15:09:13,-0.06
2024-09-27 15:09:13,-0.06
2024-09-27 15:09:13,-0.06
2024-09-27 15:09:13,-0.07
2024-09-27 15:09:13,-0.07
2024-09-27 15:09:13,-0.07
2024-09-27 15:09:13,-0.07
2024-09-27 15:09:13,-0.07
2024-09-27 15:09:13,-0.07
2024-09-27 15:09:13,-0.07
2024-09-27 15:09:13,-0.07
2024-09-27 15:09:13,-0.07
2024-09-27 15:09:13,-0.09
2024-09-27 15:09:13,-0.09
2024-09-27 15:09:13,-0.09
2024-09-27 15:09:13,-0.09
2024-09-27 15:09:13,-0.09
2024-09-27 15:09:13,-0.09
2024-09-27 15:09:13,-0.09
2024-09-27 15:09:13,-0.09
2024-09-27 15:09:13,-0.09
2024-09-27 15:09:13,-0.09
2024-09-27 15:09:13,-0.11
2024-09-27 15:09:13,-0.11
2024-09-27 15:09:13,-0.11
2024-09-27 15:09:13,-0.11
2024-09-27 15:09:13,-0.11
2024-09-27 15:09:13,-0.11
2024-09-27 15:09:13,-0.11
2024-09-27 15:09:13,-0.11
2024-09-27 15:09:13,-0.11
2024-09-27 15:09:13,-0.1
2024-09-27 15:09:13,-0.1
2024-09-27 15:09:13,-0.1
2024-09-27 15:09:13,-0.1
2024-09-27 15:09:13,-0.1
2024-09-27 15:09:13,-0.1
2024-09-27 15:09:13,-0.1
2024-09-27 15:09:13,-0.1
2024-09-27 15:09:13,-0.1
2024-09-27 15:09:13,-0.03
2024-09-27 15:09:13,-0.03
2024-09-27 15:09:13,-0.03
2024-09-27 15:09:13,-0.03
2024-09-27 15:09:13,-0.03
2024-09-27 15:09:13,-0.03
2024-09-27 15:09:13,-0.03
2024-09-27 15:09:13,-0.03
2024-09-27 15:09:13,-0.03
2024-09-27 15:09:13,0.02
2024-09-27 15:09:13,0.02
2024-09-27 15:09:13,0.02
2024-09-27 15:09:13,0.02
2024-09-27 15:09:13,0.02
2024-09-27 15:09:13,0.02
2024-09-27 15:09:13,0.02
2024-09-27 15:09:13,0.02
2024-09-27 15:09:13,0.02
2024-09-27 15:09:13,0.02
2024-09-27 15:09:13,0.06
2024-09-27 15:09:13,0.06
2024-09-27 15:09:13,0.06
2024-09-27 15:09:13,0.06
2024-09-27 15:09:13,0.06
2024-09-27 15:09:13,0.06
2024-09-27 15:09:13,0.06
2024-09-27 15:09:13,0.06
2024-09-27 15:09:13,0.06
2024-09-27 15:09:13,0.07
2024-09-27 15:09:13,0.07
2024-09-27 15:09:13,0.07
2024-09-27 15:09:13,0.07
2024-09-27 15:09:13,0.07
2024-09-27 15:09:13,0.07
2024-09-27 15:09:13,0.07
2024-09-27 15:09:13,0.07
2024-09-27 15:09:13,0.07
2024-09-27 15:09:13,0.07
2024-09-27 15:09:13,0.07
2024-09-27 15:09:13,0.07
2024-09-27 15:09:13,0.07
2024-09-27 15:09:13,0.07
2024-09-27 15:09:13,0.07
2024-09-27 15:09:13,0.07
2024-09-27 15:09:13,0.07
2024-09-27 15:09:13,0.07
2024-09-27 15:09:13,0.07
2024-09-27 15:09:13,0.09
2024-09-27 15:09:13,0.09
2024-09-27 15:09:13,0.09
2024-09-27 15:09:13,0.09
2024-09-27 15:09:13,0.09
2024-09-27 15:09:13,0.09
2024-09-27 15:09:13,0.09
2024-09-27 15:09:14,0.09
2024-09-27 15:09:14,0.09
2024-09-27 15:09:14,0.12
2024-09-27 15:09:14,0.12
2024-09-27 15:09:14,0.12
2024-09-27 15:09:14,0.12
2024-09-27 15:09:14,0.12
2024-09-27 15:09:14,0.12
2024-09-27 15:09:14,0.12
2024-09-27 15:09:14,0.12
2024-09-27 15:09:14,0.12
2024-09-27 15:09:14,0.16
2024-09-27 15:09:14,0.16
2024-09-27 15:09:14,0.16
2024-09-27 15:09:14,0.16
2024-09-27 15:09:14,0.16
2024-09-27 15:09:14,0.16
2024-09-27 15:09:14,0.16
2024-09-27 15:09:14,0.16
2024-09-27 15:09:14,0.16
2024-09-27 15:09:14,0.18
2024-09-27 15:09:14,0.18
2024-09-27 15:09:14,0.18
2024-09-27 15:09:14,0.18
2024-09-27 15:09:14,0.18
2024-09-27 15:09:14,0.18
2024-09-27 15:09:14,0.18
2024-09-27 15:09:14,0.18
2024-09-27 15:09:14,0.18
2024-09-27 15:09:14,0.18
2024-09-27 15:09:14,0.19
2024-09-27 15:09:14,0.19
2024-09-27 15:09:14,0.19
2024-09-27 15:09:14,0.19
2024-09-27 15:09:14,0.19
2024-09-27 15:09:14,0.19
2024-09-27 15:09:14,0.19
2024-09-27 15:09:14,0.19
2024-09-27 15:09:14,0.19
2024-09-27 15:09:14,0.17
2024-09-27 15:09:14,0.17
2024-09-27 15:09:14,0.17
2024-09-27 15:09:14,0.17
2024-09-27 15:09:14,0.17
2024-09-27 15:09:14,0.17
2024-09-27 15:09:14,0.17
2024-09-27 15:09:14,0.17
2024-09-27 15:09:14,0.17
2024-09-27 15:09:14,0.14
2024-09-27 15:09:14,0.14
2024-09-27 15:09:14,0.14
2024-09-27 15:09:14,0.14
2024-09-27 15:09:14,0.14
2024-09-27 15:09:14,0.14
2024-09-27 15:09:14,0.14
2024-09-27 15:09:14,0.14
2024-09-27 15:09:14,0.14
2024-09-27 15:09:14,0.09
2024-09-27 15:09:14,0.09
2024-09-27 15:09:14,0.09
2024-09-27 15:09:14,0.09
2024-09-27 15:09:14,0.09
2024-09-27 15:09:14,0.09
2024-09-27 15:09:14,0.09
2024-09-27 15:09:14,0.09
2024-09-27 15:09:14,0.09
2024-09-27 15:09:14,0.09
2024-09-27 15:09:14,0.09
2024-09-27 15:09:14,0.09
2024-09-27 15:09:14,0.09
2024-09-27 15:09:14,0.09
2024-09-27 15:09:14,0.09
2024-09-27 15:09:14,0.09
2024-09-27 15:09:14,0.09
2024-09-27 15:09:14,0.09
2024-09-27 15:09:14,0.09
2024-09-27 15:09:14,0.04
2024-09-27 15:09:14,0.04
2024-09-27 15:09:14,0.04
2024-09-27 15:09:14,0.04
2024-09-27 15:09:14,0.04
2024-09-27 15:09:14,0.04
2024-09-27 15:09:14,0.04
2024-09-27 15:09:14,0.04
2024-09-27 15:09:14,0.04
2024-09-27 15:09:14,0.05
2024-09-27 15:09:14,0.05
2024-09-27 15:09:14,0.05
2024-09-27 15:09:14,0.05
2024-09-27 15:09:14,0.05
2024-09-27 15:09:14,0.05
2024-09-27 15:09:14,0.05
2024-09-27 15:09:14,0.05
2024-09-27 15:09:14,0.05
2024-09-27 15:09:14,0.03
2024-09-27 15:09:14,0.03
2024-09-27 15:09:14,0.03
2024-09-27 15:09:14,0.03
2024-09-27 15:09:14,0.03
2024-09-27 15:09:14,0.03
2024-09-27 15:09:15,0.03
2024-09-27 15:09:15,0.03
2024-09-27 15:09:15,0.03
2024-09-27 15:09:15,0.03
2024-09-27 15:09:15,-0.02
2024-09-27 15:09:15,-0.02
2024-09-27 15:09:15,-0.02
2024-09-27 15:09:15,-0.02
2024-09-27 15:09:15,-0.02
2024-09-27 15:09:15,-0.02
2024-09-27 15:09:15,-0.02
2024-09-27 15:09:15,-0.02
2024-09-27 15:09:15,-0.02
2024-09-27 15:09:15,-0.02
2024-09-27 15:09:15,-0.02
2024-09-27 15:09:15,-0.02
2024-09-27 15:09:15,-0.02
2024-09-27 15:09:15,-0.02
2024-09-27 15:09:15,-0.02
2024-09-27 15:09:15,-0.02
2024-09-27 15:09:15,-0.02
2024-09-27 15:09:15,-0.02
2024-09-27 15:09:15,-0.06
2024-09-27 15:09:15,-0.06
2024-09-27 15:09:15,-0.06
2024-09-27 15:09:15,-0.06
2024-09-27 15:09:15,-0.06
2024-09-27 15:09:15,-0.06
2024-09-27 15:09:15,-0.06
2024-09-27 15:09:15,-0.06
2024-09-27 15:09:15,-0.06
2024-09-27 15:09:15,-0.06
2024-09-27 15:09:15,-0.03
2024-09-27 15:09:15,-0.03
2024-09-27 15:09:15,-0.03
2024-09-27 15:09:15,-0.03
2024-09-27 15:09:15,-0.03
2024-09-27 15:09:15,-0.03
2024-09-27 15:09:15,-0.03
2024-09-27 15:09:15,-0.03
2024-09-27 15:09:15,-0.03
2024-09-27 15:09:15,-0.02
2024-09-27 15:09:15,-0.02
2024-09-27 15:09:15,-0.02
2024-09-27 15:09:15,-0.02
2024-09-27 15:09:15,-0.02
2024-09-27 15:09:15,-0.02
2024-09-27 15:09:15,-0.02
2024-09-27 15:09:15,-0.02
2024-09-27 15:09:15,-0.02
2024-09-27 15:09:15,-0.03
2024-09-27 15:09:15,-0.03
2024-09-27 15:09:15,-0.03
2024-09-27 15:09:15,-0.03
2024-09-27 15:09:15,-0.03
2024-09-27 15:09:15,-0.03
2024-09-27 15:09:15,-0.03
2024-09-27 15:09:15,-0.03
2024-09-27 15:09:15,-0.03
2024-09-27 15:09:15,-0.02
2024-09-27 15:09:15,-0.02
2024-09-27 15:09:15,-0.02
2024-09-27 15:09:15,-0.02
2024-09-27 15:09:15,-0.02
2024-09-27 15:09:15,-0.02
2024-09-27 15:09:15,-0.02
2024-09-27 15:09:15,-0.02
2024-09-27 15:09:15,-0.02
2024-09-27 15:09:15,-0.02
2024-09-27 15:09:15,-0.01
2024-09-27 15:09:15,-0.01
2024-09-27 15:09:15,-0.01
2024-09-27 15:09:15,-0.01
2024-09-27 15:09:15,-0.01
2024-09-27 15:09:15,-0.01
2024-09-27 15:09:15,-0.01
2024-09-27 15:09:15,-0.01
2024-09-27 15:09:15,-0.01
2024-09-27 15:09:15,0.01
2024-09-27 15:09:15,0.01
2024-09-27 15:09:15,0.01
2024-09-27 15:09:15,0.01
2024-09-27 15:09:15,0.01
2024-09-27 15:09:15,0.01
2024-09-27 15:09:15,0.01
2024-09-27 15:09:15,0.01
2024-09-27 15:09:15,0.01
2024-09-27 15:09:15,0.06
2024-09-27 15:09:15,0.06
2024-09-27 15:09:15,0.06
2024-09-27 15:09:15,0.06
2024-09-27 15:09:15,0.06
2024-09-27 15:09:15,0.06
2024-09-27 15:09:15,0.06
2024-09-27 15:09:15,0.06
2024-09-27 15:09:15,0.06
2024-09-27 15:09:15,0.06
2024-09-27 15:09:15,0.06
2024-09-27 15:09:15,0.06
2024-09-27 15:09:15,0.06
2024-09-27 15:09:16,0.06
2024-09-27 15:09:16,0.06
2024-09-27 15:09:16,0.06
2024-09-27 15:09:16,0.06
2024-09-27 15:09:16,0.06
2024-09-27 15:09:16,0
2024-09-27 15:09:16,0
2024-09-27 15:09:16,0
2024-09-27 15:09:16,0
2024-09-27 15:09:16,0
2024-09-27 15:09:16,0
2024-09-27 15:09:16,0
2024-09-27 15:09:16,0
2024-09-27 15:09:16,0
2024-09-27 15:09:16,0
2024-09-27 15:09:16,-0.03
2024-09-27 15:09:16,-0.03
2024-09-27 15:09:16,-0.03
2024-09-27 15:09:16,-0.03
2024-09-27 15:09:16,-0.03
2024-09-27 15:09:16,-0.03
2024-09-27 15:09:16,-0.03
2024-09-27 15:09:16,-0.03
2024-09-27 15:09:16,-0.03
2024-09-27 15:09:16,-0.07
2024-09-27 15:09:16,-0.07
2024-09-27 15:09:16,-0.07
2024-09-27 15:09:16,-0.07
2024-09-27 15:09:16,-0.07
2024-09-27 15:09:16,-0.07
2024-09-27 15:09:16,-0.07
2024-09-27 15:09:16,-0.07
2024-09-27 15:09:16,-0.07
2024-09-27 15:09:16,-0.07
2024-09-27 15:09:16,-0.08
2024-09-27 15:09:16,-0.08
2024-09-27 15:09:16,-0.08
2024-09-27 15:09:16,-0.08
2024-09-27 15:09:16,-0.08
2024-09-27 15:09:16,-0.08
2024-09-27 15:09:16,-0.08
2024-09-27 15:09:16,-0.08
2024-09-27 15:09:16,-0.08
2024-09-27 15:09:16,-0.08
2024-09-27 15:09:16,-0.08
2024-09-27 15:09:16,-0.08
2024-09-27 15:09:16,-0.08
2024-09-27 15:09:16,-0.08
2024-09-27 15:09:16,-0.08
2024-09-27 15:09:16,-0.08
2024-09-27 15:09:16,-0.08
2024-09-27 15:09:16,-0.08
2024-09-27 15:09:16,0.02
2024-09-27 15:09:16,0.02
2024-09-27 15:09:16,0.02
2024-09-27 15:09:16,0.02
2024-09-27 15:09:16,0.02
2024-09-27 15:09:16,0.02
2024-09-27 15:09:16,0.02
2024-09-27 15:09:16,0.02
2024-09-27 15:09:16,0.02
2024-09-27 15:09:16,0
2024-09-27 15:09:16,0
2024-09-27 15:09:16,0
2024-09-27 15:09:16,0
2024-09-27 15:09:16,0
2024-09-27 15:09:16,0
2024-09-27 15:09:16,0
2024-09-27 15:09:16,0
2024-09-27 15:09:16,0
2024-09-27 15:09:16,0
2024-09-27 15:09:16,0.01
2024-09-27 15:09:16,0.01
2024-09-27 15:09:16,0.01
2024-09-27 15:09:16,0.01
2024-09-27 15:09:16,0.01
2024-09-27 15:09:16,0.01
2024-09-27 15:09:16,0.01
2024-09-27 15:09:16,0.01
2024-09-27 15:09:16,0.01
2024-09-27 15:09:16,-0.02
2024-09-27 15:09:16,-0.02
2024-09-27 15:09:16,-0.02
2024-09-27 15:09:16,-0.02
2024-09-27 15:09:16,-0.02
2024-09-27 15:09:16,-0.02
2024-09-27 15:09:16,-0.02
2024-09-27 15:09:16,-0.02
2024-09-27 15:09:16,-0.02
2024-09-27 15:09:16,-0.07
2024-09-27 15:09:16,-0.07
2024-09-27 15:09:16,-0.07
2024-09-27 15:09:16,-0.07
2024-09-27 15:09:16,-0.07
2024-09-27 15:09:16,-0.07
2024-09-27 15:09:16,-0.07
2024-09-27 15:09:16,-0.07
2024-09-27 15:09:16,-0.07
2024-09-27 15:09:16,-0.1
2024-09-27 15:09:16,-0.1
2024-09-27 15:09:17,-0.1
2024-09-27 15:09:17,-0.1
2024-09-27 15:09:17,-0.1
2024-09-27 15:09:17,-0.1
2024-09-27 15:09:17,-0.1
2024-09-27 15:09:17,-0.1
2024-09-27 15:09:17,-0.1
2024-09-27 15:09:17,-0.1
2024-09-27 15:09:17,-0.13
2024-09-27 15:09:17,-0.13
2024-09-27 15:09:17,-0.13
2024-09-27 15:09:17,-0.13
2024-09-27 15:09:17,-0.13
2024-09-27 15:09:17,-0.13
2024-09-27 15:09:17,-0.13
2024-09-27 15:09:17,-0.13
2024-09-27 15:09:17,-0.13
2024-09-27 15:09:17,-0.12
2024-09-27 15:09:17,-0.12
2024-09-27 15:09:17,-0.12
2024-09-27 15:09:17,-0.12
2024-09-27 15:09:17,-0.12
2024-09-27 15:09:17,-0.12
2024-09-27 15:09:17,-0.12
2024-09-27 15:09:17,-0.12
2024-09-27 15:09:17,-0.12
2024-09-27 15:09:17,-0.09
2024-09-27 15:09:17,-0.09
2024-09-27 15:09:17,-0.09
2024-09-27 15:09:17,-0.09
2024-09-27 15:09:17,-0.09
2024-09-27 15:09:17,-0.09
2024-09-27 15:09:17,-0.09
2024-09-27 15:09:17,-0.09
2024-09-27 15:09:17,-0.09
2024-09-27 15:09:17,-0.05
2024-09-27 15:09:17,-0.05
2024-09-27 15:09:17,-0.05
2024-09-27 15:09:17,-0.05
2024-09-27 15:09:17,-0.05
2024-09-27 15:09:17,-0.05
2024-09-27 15:09:17,-0.05
2024-09-27 15:09:17,-0.05
2024-09-27 15:09:17,-0.05
2024-09-27 15:09:17,-0.05
2024-09-27 15:09:17,-0.03
2024-09-27 15:09:17,-0.03
2024-09-27 15:09:17,-0.03
2024-09-27 15:09:17,-0.03
2024-09-27 15:09:17,-0.03
2024-09-27 15:09:17,-0.03
2024-09-27 15:09:17,-0.03
2024-09-27 15:09:17,-0.03
2024-09-27 15:09:17,-0.03
2024-09-27 15:09:17,-0.02
2024-09-27 15:09:17,-0.02
2024-09-27 15:09:17,-0.02
2024-09-27 15:09:17,-0.02
2024-09-27 15:09:17,-0.02
2024-09-27 15:09:17,-0.02
2024-09-27 15:09:17,-0.02
2024-09-27 15:09:17,-0.02
2024-09-27 15:09:17,-0.02
2024-09-27 15:09:17,-0.01
2024-09-27 15:09:17,-0.01
2024-09-27 15:09:17,-0.01
2024-09-27 15:09:17,-0.01
2024-09-27 15:09:17,-0.01
2024-09-27 15:09:17,-0.01
2024-09-27 15:09:17,-0.01
2024-09-27 15:09:17,-0.01
2024-09-27 15:09:17,-0.01
2024-09-27 15:09:17,-0.01
2024-09-27 15:09:17,-0.05
2024-09-27 15:09:17,-0.05
2024-09-27 15:09:17,-0.05
2024-09-27 15:09:17,-0.05
2024-09-27 15:09:17,-0.05
2024-09-27 15:09:17,-0.05
2024-09-27 15:09:17,-0.05
2024-09-27 15:09:17,-0.05
2024-09-27 15:09:17,-0.05
2024-09-27 15:09:17,-0.09
2024-09-27 15:09:17,-0.09
2024-09-27 15:09:17,-0.09
2024-09-27 15:09:17,-0.09
2024-09-27 15:09:17,-0.09
2024-09-27 15:09:17,-0.09
2024-09-27 15:09:17,-0.09
2024-09-27 15:09:17,-0.09
2024-09-27 15:09:17,-0.09
2024-09-27 15:09:17,-0.12
2024-09-27 15:09:17,-0.12
2024-09-27 15:09:17,-0.12
2024-09-27 15:09:17,-0.12
2024-09-27 15:09:17,-0.12
2024-09-27 15:09:17,-0.12
2024-09-27 15:09:17,-0.12
2024-09-27 15:09:17,-0.12
2024-09-27 15:09:17,-0.12
2024-09-27 15:09:18,-0.14
2024-09-27 15:09:18,-0.14
2024-09-27 15:09:18,-0.14
2024-09-27 15:09:18,-0.14
2024-09-27 15:09:18,-0.14
2024-09-27 15:09:18,-0.14
2024-09-27 15:09:18,-0.14
2024-09-27 15:09:18,-0.14
2024-09-27 15:09:18,-0.14
2024-09-27 15:09:18,-0.14
2024-09-27 15:09:18,-0.11
2024-09-27 15:09:18,-0.11
2024-09-27 15:09:18,-0.11
2024-09-27 15:09:18,-0.11
2024-09-27 15:09:18,-0.11
2024-09-27 15:09:18,-0.11
2024-09-27 15:09:18,-0.11
2024-09-27 15:09:18,-0.11
2024-09-27 15:09:18,-0.11
2024-09-27 15:09:18,-0.07
2024-09-27 15:09:18,-0.07
2024-09-27 15:09:18,-0.07
2024-09-27 15:09:18,-0.07
2024-09-27 15:09:18,-0.07
2024-09-27 15:09:18,-0.07
2024-09-27 15:09:18,-0.07
2024-09-27 15:09:18,-0.07
2024-09-27 15:09:18,-0.07
2024-09-27 15:09:18,-0.05
2024-09-27 15:09:18,-0.05
2024-09-27 15:09:18,-0.05
2024-09-27 15:09:18,-0.05
2024-09-27 15:09:18,-0.05
2024-09-27 15:09:18,-0.05
2024-09-27 15:09:18,-0.05
2024-09-27 15:09:18,-0.05
2024-09-27 15:09:18,-0.05
2024-09-27 15:09:18,-0.05
2024-09-27 15:09:18,-0.03
2024-09-27 15:09:18,-0.03
2024-09-27 15:09:18,-0.03
2024-09-27 15:09:18,-0.03
2024-09-27 15:09:18,-0.03
2024-09-27 15:09:18,-0.03
2024-09-27 15:09:18,-0.03
2024-09-27 15:09:18,-0.03
2024-09-27 15:09:18,-0.03
2024-09-27 15:09:18,-0.03
2024-09-27 15:09:18,-0.03
2024-09-27 15:09:18,-0.03
2024-09-27 15:09:18,-0.03
2024-09-27 15:09:18,-0.03
2024-09-27 15:09:18,-0.03
2024-09-27 15:09:18,-0.03
2024-09-27 15:09:18,-0.03
2024-09-27 15:09:18,-0.03
2024-09-27 15:09:18,-0.01
2024-09-27 15:09:18,-0.01
2024-09-27 15:09:18,-0.01
2024-09-27 15:09:18,-0.01
2024-09-27 15:09:18,-0.01
2024-09-27 15:09:18,-0.01
2024-09-27 15:09:18,-0.01
2024-09-27 15:09:18,-0.01
2024-09-27 15:09:18,-0.01
2024-09-27 15:09:18,0.01
2024-09-27 15:09:18,0.01
2024-09-27 15:09:18,0.01
2024-09-27 15:09:18,0.01
2024-09-27 15:09:18,0.01
2024-09-27 15:09:18,0.01
2024-09-27 15:09:18,0.01
2024-09-27 15:09:18,0.01
2024-09-27 15:09:18,0.01
2024-09-27 15:09:18,0.02
2024-09-27 15:09:18,0.02
2024-09-27 15:09:18,0.02
2024-09-27 15:09:18,0.02
2024-09-27 15:09:18,0.02
2024-09-27 15:09:18,0.02
2024-09-27 15:09:18,0.02
2024-09-27 15:09:18,0.02
2024-09-27 15:09:18,0.02
2024-09-27 15:09:18,0.02
2024-09-27 15:09:18,0.04
2024-09-27 15:09:18,0.04
2024-09-27 15:09:18,0.04
2024-09-27 15:09:18,0.04
2024-09-27 15:09:18,0.04
2024-09-27 15:09:18,0.04
2024-09-27 15:09:18,0.04
2024-09-27 15:09:18,0.04
2024-09-27 15:09:18,0.04
2024-09-27 15:09:18,0.03
2024-09-27 15:09:18,0.03
2024-09-27 15:09:18,0.03
2024-09-27 15:09:18,0.03
2024-09-27 15:09:18,0.03
2024-09-27 15:09:18,0.03
2024-09-27 15:09:18,0.03
2024-09-27 15:09:19,0.03
2024-09-27 15:09:19,0.03
2024-09-27 15:09:19,0.03
2024-09-27 15:09:19,0
2024-09-27 15:09:19,0
2024-09-27 15:09:19,0
2024-09-27 15:09:19,0
2024-09-27 15:09:19,0
2024-09-27 15:09:19,0
2024-09-27 15:09:19,0
2024-09-27 15:09:19,0
2024-09-27 15:09:19,0
2024-09-27 15:09:19,-0.02
2024-09-27 15:09:19,-0.02
2024-09-27 15:09:19,-0.02
2024-09-27 15:09:19,-0.02
2024-09-27 15:09:19,-0.02
2024-09-27 15:09:19,-0.02
2024-09-27 15:09:19,-0.02
2024-09-27 15:09:19,-0.02
2024-09-27 15:09:19,-0.02
2024-09-27 15:09:19,-0.05
2024-09-27 15:09:19,-0.05
2024-09-27 15:09:19,-0.05
2024-09-27 15:09:19,-0.05
2024-09-27 15:09:19,-0.05
2024-09-27 15:09:19,-0.05
2024-09-27 15:09:19,-0.05
2024-09-27 15:09:19,-0.05
2024-09-27 15:09:19,-0.05
2024-09-27 15:09:19,-0.07
2024-09-27 15:09:19,-0.07
2024-09-27 15:09:19,-0.07
2024-09-27 15:09:19,-0.07
2024-09-27 15:09:19,-0.07
2024-09-27 15:09:19,-0.07
2024-09-27 15:09:19,-0.07
2024-09-27 15:09:19,-0.07
2024-09-27 15:09:19,-0.07
2024-09-27 15:09:19,-0.07
2024-09-27 15:09:19,-0.05
2024-09-27 15:09:19,-0.05
2024-09-27 15:09:19,-0.05
2024-09-27 15:09:19,-0.05
2024-09-27 15:09:19,-0.05
2024-09-27 15:09:19,-0.05
2024-09-27 15:09:19,-0.05
2024-09-27 15:09:19,-0.05
2024-09-27 15:09:19,-0.05
2024-09-27 15:09:19,-0.04
2024-09-27 15:09:19,-0.04
2024-09-27 15:09:19,-0.04
2024-09-27 15:09:19,-0.04
2024-09-27 15:09:19,-0.04
2024-09-27 15:09:19,-0.04
2024-09-27 15:09:19,-0.04
2024-09-27 15:09:19,-0.04
2024-09-27 15:09:19,-0.04
2024-09-27 15:09:19,-0.04
2024-09-27 15:09:19,-0.04
2024-09-27 15:09:19,-0.04
2024-09-27 15:09:19,-0.04
2024-09-27 15:09:19,-0.04
2024-09-27 15:09:19,-0.04
2024-09-27 15:09:19,-0.04
2024-09-27 15:09:19,-0.04
2024-09-27 15:09:19,-0.04
2024-09-27 15:09:19,0.02
2024-09-27 15:09:19,0.02
2024-09-27 15:09:19,0.02
2024-09-27 15:09:19,0.02
2024-09-27 15:09:19,0.02
2024-09-27 15:09:19,0.02
2024-09-27 15:09:19,0.02
2024-09-27 15:09:19,0.02
2024-09-27 15:09:19,0.02
2024-09-27 15:09:19,0.02
2024-09-27 15:09:19,0.03
2024-09-27 15:09:19,0.03
2024-09-27 15:09:19,0.03
2024-09-27 15:09:19,0.03
2024-09-27 15:09:19,0.03
2024-09-27 15:09:19,0.03
2024-09-27 15:09:19,0.03
2024-09-27 15:09:19,0.03
2024-09-27 15:09:19,0.03
2024-09-27 15:09:19,0.01
2024-09-27 15:09:19,0.01
2024-09-27 15:09:19,0.01
2024-09-27 15:09:19,0.01
2024-09-27 15:09:19,0.01
2024-09-27 15:09:19,0.01
2024-09-27 15:09:19,0.01
2024-09-27 15:09:19,0.01
2024-09-27 15:09:19,0.01
2024-09-27 15:09:19,0
2024-09-27 15:09:19,0
2024-09-27 15:09:19,0
2024-09-27 15:09:19,0
2024-09-27 15:09:19,0
2024-09-27 15:09:20,0
2024-09-27 15:09:20,0
2024-09-27 15:09:20,0
2024-09-27 15:09:20,0
2024-09-27 15:09:20,0
2024-09-27 15:09:20,0
2024-09-27 15:09:20,0
2024-09-27 15:09:20,0
2024-09-27 15:09:20,0
2024-09-27 15:09:20,0
2024-09-27 15:09:20,0
2024-09-27 15:09:20,0
2024-09-27 15:09:20,0
2024-09-27 15:09:20,0
2024-09-27 15:09:20,0.03
2024-09-27 15:09:20,0.03
2024-09-27 15:09:20,0.03
2024-09-27 15:09:20,0.03
2024-09-27 15:09:20,0.03
2024-09-27 15:09:20,0.03
2024-09-27 15:09:20,0.03
2024-09-27 15:09:20,0.03
2024-09-27 15:09:20,0.03
2024-09-27 15:09:20,0.04
2024-09-27 15:09:20,0.04
2024-09-27 15:09:20,0.04
2024-09-27 15:09:20,0.04
2024-09-27 15:09:20,0.04
2024-09-27 15:09:20,0.04
2024-09-27 15:09:20,0.04
2024-09-27 15:09:20,0.04
2024-09-27 15:09:20,0.04
2024-09-27 15:09:20,0.05
2024-09-27 15:09:20,0.05
2024-09-27 15:09:20,0.05
2024-09-27 15:09:20,0.05
2024-09-27 15:09:20,0.05
2024-09-27 15:09:20,0.05
2024-09-27 15:09:20,0.05
2024-09-27 15:09:20,0.05
2024-09-27 15:09:20,0.05
2024-09-27 15:09:20,0.05
2024-09-27 15:09:20,0.04
2024-09-27 15:09:20,0.04
2024-09-27 15:09:20,0.04
2024-09-27 15:09:20,0.04
2024-09-27 15:09:20,0.04
2024-09-27 15:09:20,0.04
2024-09-27 15:09:20,0.04
2024-09-27 15:09:20,0.04
2024-09-27 15:09:20,0.04
2024-09-27 15:09:20,0.01
2024-09-27 15:09:20,0.01
2024-09-27 15:09:20,0.01
2024-09-27 15:09:20,0.01
2024-09-27 15:09:20,0.01
2024-09-27 15:09:20,0.01
2024-09-27 15:09:20,0.01
2024-09-27 15:09:20,0.01
2024-09-27 15:09:20,0.01
2024-09-27 15:09:20,0.02
2024-09-27 15:09:20,0.02
2024-09-27 15:09:20,0.02
2024-09-27 15:09:20,0.02
2024-09-27 15:09:20,0.02
2024-09-27 15:09:20,0.02
2024-09-27 15:09:20,0.02
2024-09-27 15:09:20,0.02
2024-09-27 15:09:20,0.02
2024-09-27 15:09:20,0.05
2024-09-27 15:09:20,0.05
2024-09-27 15:09:20,0.05
2024-09-27 15:09:20,0.05
2024-09-27 15:09:20,0.05
2024-09-27 15:09:20,0.05
2024-09-27 15:09:20,0.05
2024-09-27 15:09:20,0.05
2024-09-27 15:09:20,0.05
2024-09-27 15:09:20,0.05
2024-09-27 15:09:20,0.05
2024-09-27 15:09:20,0.05
2024-09-27 15:09:20,0.05
2024-09-27 15:09:20,0.05
2024-09-27 15:09:20,0.05
2024-09-27 15:09:20,0.05
2024-09-27 15:09:20,0.05
2024-09-27 15:09:20,0.05
2024-09-27 15:09:20,0.05
2024-09-27 15:09:20,-0.01
2024-09-27 15:09:20,-0.01
2024-09-27 15:09:20,-0.01
2024-09-27 15:09:20,-0.01
2024-09-27 15:09:20,-0.01
2024-09-27 15:09:20,-0.01
2024-09-27 15:09:20,-0.01
2024-09-27 15:09:20,-0.01
2024-09-27 15:09:20,-0.01
2024-09-27 15:09:20,0
2024-09-27 15:09:20,0
2024-09-27 15:09:20,0
2024-09-27 15:09:21,0
2024-09-27 15:09:21,0
2024-09-27 15:09:21,0
2024-09-27 15:09:21,0
2024-09-27 15:09:21,0
2024-09-27 15:09:21,0
2024-09-27 15:09:21,-0.05
2024-09-27 15:09:21,-0.05
2024-09-27 15:09:21,-0.05
2024-09-27 15:09:21,-0.05
2024-09-27 15:09:21,-0.05
2024-09-27 15:09:21,-0.05
2024-09-27 15:09:21,-0.05
2024-09-27 15:09:21,-0.05
2024-09-27 15:09:21,-0.05
2024-09-27 15:09:21,-0.05
2024-09-27 15:09:21,-0.06
2024-09-27 15:09:21,-0.06
2024-09-27 15:09:21,-0.06
2024-09-27 15:09:21,-0.06
2024-09-27 15:09:21,-0.06
2024-09-27 15:09:21,-0.06
2024-09-27 15:09:21,-0.06
2024-09-27 15:09:21,-0.06
2024-09-27 15:09:21,-0.06
2024-09-27 15:09:21,-0.06
2024-09-27 15:09:21,-0.06
2024-09-27 15:09:21,-0.06
2024-09-27 15:09:21,-0.06
2024-09-27 15:09:21,-0.06
2024-09-27 15:09:21,-0.06
2024-09-27 15:09:21,-0.06
2024-09-27 15:09:21,-0.06
2024-09-27 15:09:21,-0.06
2024-09-27 15:09:21,-0.07
2024-09-27 15:09:21,-0.07
2024-09-27 15:09:21,-0.07
2024-09-27 15:09:21,-0.07
2024-09-27 15:09:21,-0.07
2024-09-27 15:09:21,-0.07
2024-09-27 15:09:21,-0.07
2024-09-27 15:09:21,-0.07
2024-09-27 15:09:21,-0.07
2024-09-27 15:09:21,-0.07
2024-09-27 15:09:21,-0.05
2024-09-27 15:09:21,-0.05
2024-09-27 15:09:21,-0.05
2024-09-27 15:09:21,-0.05
2024-09-27 15:09:21,-0.05
2024-09-27 15:09:21,-0.05
2024-09-27 15:09:21,-0.05
2024-09-27 15:09:21,-0.05
2024-09-27 15:09:21,-0.05
2024-09-27 15:09:21,-0.03
2024-09-27 15:09:21,-0.03
2024-09-27 15:09:21,-0.03
2024-09-27 15:09:21,-0.03
2024-09-27 15:09:21,-0.03
2024-09-27 15:09:21,-0.03
2024-09-27 15:09:21,-0.03
2024-09-27 15:09:21,-0.03
2024-09-27 15:09:21,-0.03
2024-09-27 15:09:21,-0.05
2024-09-27 15:09:21,-0.05
2024-09-27 15:09:21,-0.05
2024-09-27 15:09:21,-0.05
2024-09-27 15:09:21,-0.05
2024-09-27 15:09:21,-0.05
2024-09-27 15:09:21,-0.05
2024-09-27 15:09:21,-0.05
2024-09-27 15:09:21,-0.05
2024-09-27 15:09:21,-0.06
2024-09-27 15:09:21,-0.06
2024-09-27 15:09:21,-0.06
2024-09-27 15:09:21,-0.06
2024-09-27 15:09:21,-0.06
2024-09-27 15:09:21,-0.06
2024-09-27 15:09:21,-0.06
2024-09-27 15:09:21,-0.06
2024-09-27 15:09:21,-0.06
2024-09-27 15:09:21,-0.06
2024-09-27 15:09:21,-0.06
2024-09-27 15:09:21,-0.06
2024-09-27 15:09:21,-0.06
2024-09-27 15:09:21,-0.06
2024-09-27 15:09:21,-0.06
2024-09-27 15:09:21,-0.06
2024-09-27 15:09:21,-0.06
2024-09-27 15:09:21,-0.06
2024-09-27 15:09:21,-0.06
2024-09-27 15:09:21,-0.06
2024-09-27 15:09:21,-0.06
2024-09-27 15:09:21,-0.06
2024-09-27 15:09:21,-0.06
2024-09-27 15:09:21,-0.06
2024-09-27 15:09:21,-0.06
2024-09-27 15:09:21,-0.06
2024-09-27 15:09:21,-0.06
2024-09-27 15:09:21,-0.06
2024-09-27 15:09:21,-0.01
2024-09-27 15:09:22,-0.01
2024-09-27 15:09:22,-0.01
2024-09-27 15:09:22,-0.01
2024-09-27 15:09:22,-0.01
2024-09-27 15:09:22,-0.01
2024-09-27 15:09:22,-0.01
2024-09-27 15:09:22,-0.01
2024-09-27 15:09:22,-0.01
2024-09-27 15:09:22,-0.01
2024-09-27 15:09:22,-0.01
2024-09-27 15:09:22,-0.01
2024-09-27 15:09:22,-0.01
2024-09-27 15:09:22,-0.01
2024-09-27 15:09:22,-0.01
2024-09-27 15:09:22,-0.01
2024-09-27 15:09:22,-0.01
2024-09-27 15:09:22,-0.01
2024-09-27 15:09:22,-0.01
2024-09-27 15:09:22,-0.01
2024-09-27 15:09:22,-0.01
2024-09-27 15:09:22,-0.01
2024-09-27 15:09:22,-0.01
2024-09-27 15:09:22,-0.01
2024-09-27 15:09:22,-0.01
2024-09-27 15:09:22,-0.01
2024-09-27 15:09:22,-0.01
2024-09-27 15:09:22,-0.01
2024-09-27 15:09:22,-0.02
2024-09-27 15:09:22,-0.02
2024-09-27 15:09:22,-0.02
2024-09-27 15:09:22,-0.02
2024-09-27 15:09:22,-0.02
2024-09-27 15:09:22,-0.02
2024-09-27 15:09:22,-0.02
2024-09-27 15:09:22,-0.02
2024-09-27 15:09:22,-0.02
2024-09-27 15:09:22,0.01
2024-09-27 15:09:22,0.01
2024-09-27 15:09:22,0.01
2024-09-27 15:09:22,0.01
2024-09-27 15:09:22,0.01
2024-09-27 15:09:22,0.01
2024-09-27 15:09:22,0.01
2024-09-27 15:09:22,0.01
2024-09-27 15:09:22,0.01
2024-09-27 15:09:22,0.01
2024-09-27 15:09:22,0.02
2024-09-27 15:09:22,0.02
2024-09-27 15:09:22,0.02
2024-09-27 15:09:22,0.02
2024-09-27 15:09:22,0.02
2024-09-27 15:09:22,0.02
2024-09-27 15:09:22,0.02
2024-09-27 15:09:22,0.02
2024-09-27 15:09:22,0.02
2024-09-27 15:09:22,0.02
2024-09-27 15:09:22,0.02
2024-09-27 15:09:22,0.02
2024-09-27 15:09:22,0.02
2024-09-27 15:09:22,0.02
2024-09-27 15:09:22,0.02
2024-09-27 15:09:22,0.02
2024-09-27 15:09:22,0.02
2024-09-27 15:09:22,0.02
2024-09-27 15:09:22,0.03
2024-09-27 15:09:22,0.03
2024-09-27 15:09:22,0.03
2024-09-27 15:09:22,0.03
2024-09-27 15:09:22,0.03
2024-09-27 15:09:22,0.03
2024-09-27 15:09:22,0.03
2024-09-27 15:09:22,0.03
2024-09-27 15:09:22,0.03
2024-09-27 15:09:22,0.02
2024-09-27 15:09:22,0.02
2024-09-27 15:09:22,0.02
2024-09-27 15:09:22,0.02
2024-09-27 15:09:22,0.02
2024-09-27 15:09:22,0.02
2024-09-27 15:09:22,0.02
2024-09-27 15:09:22,0.02
2024-09-27 15:09:22,0.02
2024-09-27 15:09:22,0.02
2024-09-27 15:09:22,0.02
2024-09-27 15:09:22,0.02
2024-09-27 15:09:22,0.02
2024-09-27 15:09:22,0.02
2024-09-27 15:09:22,0.02
2024-09-27 15:09:22,0.02
2024-09-27 15:09:22,0.02
2024-09-27 15:09:22,0.02
2024-09-27 15:09:22,0.02
2024-09-27 15:09:22,0
2024-09-27 15:09:22,0
2024-09-27 15:09:22,0
2024-09-27 15:09:22,0
2024-09-27 15:09:22,0
2024-09-27 15:09:22,0
2024-09-27 15:09:22,0
2024-09-27 15:09:22,0
2024-09-27 15:09:23,0
2024-09-27 15:09:23,0
2024-09-27 15:09:23,0
2024-09-27 15:09:23,0
2024-09-27 15:09:23,0
2024-09-27 15:09:23,0
2024-09-27 15:09:23,0
2024-09-27 15:09:23,0
2024-09-27 15:09:23,0
2024-09-27 15:09:23,0
2024-09-27 15:09:23,0
2024-09-27 15:09:23,0
2024-09-27 15:09:23,0
2024-09-27 15:09:23,0
2024-09-27 15:09:23,0
2024-09-27 15:09:23,0
2024-09-27 15:09:23,0
2024-09-27 15:09:23,0
2024-09-27 15:09:23,0
2024-09-27 15:09:23,0
2024-09-27 15:09:23,-0.01
2024-09-27 15:09:23,-0.01
2024-09-27 15:09:23,-0.01
2024-09-27 15:09:23,-0.01
2024-09-27 15:09:23,-0.01
2024-09-27 15:09:23,-0.01
2024-09-27 15:09:23,-0.01
2024-09-27 15:09:23,-0.01
2024-09-27 15:09:23,-0.01
2024-09-27 15:09:23,-0.02
2024-09-27 15:09:23,-0.02
2024-09-27 15:09:23,-0.02
2024-09-27 15:09:23,-0.02
2024-09-27 15:09:23,-0.02
2024-09-27 15:09:23,-0.02
2024-09-27 15:09:23,-0.02
2024-09-27 15:09:23,-0.02
2024-09-27 15:09:23,-0.02
2024-09-27 15:09:23,-0.05
2024-09-27 15:09:23,-0.05
2024-09-27 15:09:23,-0.05
2024-09-27 15:09:23,-0.05
2024-09-27 15:09:23,-0.05
2024-09-27 15:09:23,-0.05
2024-09-27 15:09:23,-0.05
2024-09-27 15:09:23,-0.05
2024-09-27 15:09:23,-0.05
2024-09-27 15:09:23,-0.08
2024-09-27 15:09:23,-0.08
2024-09-27 15:09:23,-0.08
2024-09-27 15:09:23,-0.08
2024-09-27 15:09:23,-0.08
2024-09-27 15:09:23,-0.08
2024-09-27 15:09:23,-0.08
2024-09-27 15:09:23,-0.08
2024-09-27 15:09:23,-0.08
2024-09-27 15:09:23,-0.08
2024-09-27 15:09:23,-0.09
2024-09-27 15:09:23,-0.09
2024-09-27 15:09:23,-0.09
2024-09-27 15:09:23,-0.09
2024-09-27 15:09:23,-0.09
2024-09-27 15:09:23,-0.09
2024-09-27 15:09:23,-0.09
2024-09-27 15:09:23,-0.09
2024-09-27 15:09:23,-0.09
2024-09-27 15:09:23,-0.08
2024-09-27 15:09:23,-0.08
2024-09-27 15:09:23,-0.08
2024-09-27 15:09:23,-0.08
2024-09-27 15:09:23,-0.08
2024-09-27 15:09:23,-0.08
2024-09-27 15:09:23,-0.08
2024-09-27 15:09:23,-0.08
2024-09-27 15:09:23,-0.08
2024-09-27 15:09:23,-0.09
2024-09-27 15:09:23,-0.09
2024-09-27 15:09:23,-0.09
2024-09-27 15:09:23,-0.09
2024-09-27 15:09:23,-0.09
2024-09-27 15:09:23,-0.09
2024-09-27 15:09:23,-0.09
2024-09-27 15:09:23,-0.09
2024-09-27 15:09:23,-0.09
2024-09-27 15:09:23,-0.09
2024-09-27 15:09:23,-0.08
2024-09-27 15:09:23,-0.08
2024-09-27 15:09:23,-0.08
2024-09-27 15:09:23,-0.08
2024-09-27 15:09:23,-0.08
2024-09-27 15:09:23,-0.08
2024-09-27 15:09:23,-0.08
2024-09-27 15:09:23,-0.08
2024-09-27 15:09:23,-0.08
2024-09-27 15:09:23,-0.07
2024-09-27 15:09:23,-0.07
2024-09-27 15:09:23,-0.07
2024-09-27 15:09:23,-0.07
2024-09-27 15:09:23,-0.07
2024-09-27 15:09:23,-0.07
2024-09-27 15:09:24,-0.07
2024-09-27 15:09:24,-0.07
2024-09-27 15:09:24,-0.07
2024-09-27 15:09:24,-0.07
2024-09-27 15:09:24,-0.07
2024-09-27 15:09:24,-0.07
2024-09-27 15:09:24,-0.07
2024-09-27 15:09:24,-0.07
2024-09-27 15:09:24,-0.07
2024-09-27 15:09:24,-0.07
2024-09-27 15:09:24,-0.07
2024-09-27 15:09:24,-0.07
2024-09-27 15:09:24,0.04
2024-09-27 15:09:24,0.04
2024-09-27 15:09:24,0.04
2024-09-27 15:09:24,0.04
2024-09-27 15:09:24,0.04
2024-09-27 15:09:24,0.04
2024-09-27 15:09:24,0.04
2024-09-27 15:09:24,0.04
2024-09-27 15:09:24,0.04
2024-09-27 15:09:24,0.04
2024-09-27 15:09:24,0.07
2024-09-27 15:09:24,0.07
2024-09-27 15:09:24,0.07
2024-09-27 15:09:24,0.07
2024-09-27 15:09:24,0.07
2024-09-27 15:09:24,0.07
2024-09-27 15:09:24,0.07
2024-09-27 15:09:24,0.07
2024-09-27 15:09:24,0.07
2024-09-27 15:09:24,0.06
2024-09-27 15:09:24,0.06
2024-09-27 15:09:24,0.06
2024-09-27 15:09:24,0.06
2024-09-27 15:09:24,0.06
2024-09-27 15:09:24,0.06
2024-09-27 15:09:24,0.06
2024-09-27 15:09:24,0.06
2024-09-27 15:09:24,0.06
2024-09-27 15:09:24,0.03
2024-09-27 15:09:24,0.03
2024-09-27 15:09:24,0.03
2024-09-27 15:09:24,0.03
2024-09-27 15:09:24,0.03
2024-09-27 15:09:24,0.03
2024-09-27 15:09:24,0.03
2024-09-27 15:09:24,0.03
